"","scenario","fleet","stock","catch","tacshare","effort","catch_ssa","tac_ssa","effort_ssa","limitation"
"1","fixedEffort","BE_Beam_10<24m","cod.27.7e-k",0.0877309235785015,0.000108199328390659,1115.90082944933,0,0,0,"choke"
"2","fixedEffort","BE_Beam_10<24m","meg.27.7b-k8abd",0.129779894991052,0.00000784379889389412,1115.90082944933,19184,0.150475437980465,1293.84960641037,"least"
"3","fixedEffort","BE_Beam_10<24m","mon.27.78abd",26.1697689570546,0.000766489419403129,1115.90082944933,34579,26.5044376335408,1130.17138163856,"intermediate"
"4","fixedEffort","BE_Beam_10<24m","sol.27.7fg",27.3726895054599,0.0205886675572857,1115.90082944933,1413,29.0917872584447,1185.9831868325,"intermediate"
"5","fixedEffort","BE_Beam_10<24m","whg.27.7b-ce-k",5.05999956789545,0.000250663901151745,1115.90082944933,5261,1.31874278395933,290.827330458172,"intermediate"
"6","fixedEffort","BE_Beam_10<24m","had.27.7b-k",7.29047848785777,0.0000903276133481848,1115.90082944933,18382,1.66040218856633,254.145757720368,"intermediate"
"7","fixedEffort","BE_Beam_10<24m","nep.out.7",0.00619672533097332,0.0000246443123366914,1115.90082944933,150,0.00369664685050371,665.688902820938,"intermediate"
"8","fixedEffort","BE_Beam_24<40m","cod.27.7e-k",24.8446010266542,0.0293274180324292,33634.1423954163,0,0,0,"choke"
"9","fixedEffort","BE_Beam_24<40m","meg.27.7b-k8abd",515.027415405993,0.0237374883724208,33634.1423954163,19184,455.379976936521,29738.8343419167,"intermediate"
"10","fixedEffort","BE_Beam_24<40m","mon.27.78abd",1236.82011355205,0.0343096610943711,33634.1423954163,34579,1186.39377098226,32262.846143125,"intermediate"
"11","fixedEffort","BE_Beam_24<40m","sol.27.7fg",866.954207816585,0.641725556856308,33634.1423954163,1413,906.758211837963,35178.3687537316,"intermediate"
"12","fixedEffort","BE_Beam_24<40m","whg.27.7b-ce-k",169.211204775733,0.00794609306799021,33634.1423954163,5261,41.8043956306965,8309.4674330858,"intermediate"
"13","fixedEffort","BE_Beam_24<40m","had.27.7b-k",880.879192169376,0.010881823762706,33634.1423954163,18382,200.029684406062,7637.62721202981,"intermediate"
"14","fixedEffort","BE_Beam_24<40m","nep.out.7",0.0885048901927473,0.000244196658609408,33634.1423954163,150,0.0366294987914112,13920.1548698607,"intermediate"
"15","fixedEffort","BE_Beam_24<40m","nep.fu.22",0.696224739938391,0.000250092174466068,33634.1423954163,1560,0.390143792167066,18847.580540726,"intermediate"
"16","fixedEffort","BE_Beam_24<40m","nep.fu.2021",0.0726748364996662,0.0000492163703252483,33634.1423954163,1710,0.0841599932561746,38949.5089842886,"least"
"17","fixedEffort","BE_Otter_24<40m","cod.27.7e-k",1.9964576255124,0.00574149525319746,3226.911975954,0,0,0,NA
"18","fixedEffort","BE_Otter_24<40m","meg.27.7b-k8abd",28.3259536166847,0.00145602132539096,3226.911975954,19184,27.9323131063002,3182.06818024743,NA
"19","fixedEffort","BE_Otter_24<40m","mon.27.78abd",49.7506823922228,0.00151465928485087,3226.911975954,34579,52.3754034108582,3397.15574511076,NA
"20","fixedEffort","BE_Otter_24<40m","sol.27.7fg",59.1631126653145,0.0421563431805772,3226.911975954,1413,59.5669129141556,3248.93630496876,NA
"21","fixedEffort","BE_Otter_24<40m","whg.27.7b-ce-k",20.4117370193872,0.00207062310456212,3226.911975954,5261,10.8935481531013,1722.17195246471,NA
"22","fixedEffort","BE_Otter_24<40m","had.27.7b-k",27.5158375779587,0.00165652069152668,3226.911975954,18382,30.4501633516434,3571.03419115557,NA
"23","fixedEffort","BE_Otter_24<40m","nep.out.7",0.00548555828787697,0.0000246443123366914,3226.911975954,150,0.00369664685050371,2174.57428519636,NA
"24","fixedEffort","BE_Otter_24<40m","nep.fu.22",1.10506937167563,0.000389140481955314,3226.911975954,1560,0.60705915185029,1772.67282708943,NA
"25","fixedEffort","BE_Otter_24<40m","nep.fu.2021",0.0230026954716367,0.0000281384155391867,3226.911975954,1710,0.0481166905720093,6750.00567831461,NA
"26","fixedEffort","BE_Otter_24<40m","nep.fu.19",0,0,3226.911975954,595,0,NA,NA
"27","fixedEffort","ES_Otter_24<40m","cod.27.7e-k",1.22396931380166,0.00431551788916828,14824.015842202,0,0,0,"choke"
"28","fixedEffort","ES_Otter_24<40m","meg.27.7b-k8abd",1255.06817639162,0.173764693802885,14824.015842202,19184,3333.50188591455,39373.068090118,"intermediate"
"29","fixedEffort","ES_Otter_24<40m","mon.27.78abd",576.632425190248,0.064125802068476,14824.015842202,34579,2217.40610972583,57004.8819025849,"intermediate"
"30","fixedEffort","ES_Otter_24<40m","sol.27.7fg",0.0592651063354528,0.000181126628822023,14824.015842202,1413,0.255931926525518,64016.4030393379,"least"
"31","fixedEffort","ES_Otter_24<40m","whg.27.7b-ce-k",0.0167615001416059,0.00000671845618737158,14824.015842202,5261,0.0353457980017619,31260.1297680262,"intermediate"
"32","fixedEffort","ES_Otter_24<40m","had.27.7b-k",21.5540844549253,0.00354822723356556,14824.015842202,18382,65.2235130074021,44858.0589042305,"intermediate"
"33","fixedEffort","ES_Otter_24<40m","nep.fu.16",39.2819721188673,0.0482542930963898,14824.015842202,3290,158.756624287122,59910.7067833914,"intermediate"
"34","fixedEffort","FRA_Other_10<40m","cod.27.7e-k",34.1009046699865,0.00621481083450655,12654.5596666667,0,0,0,"choke"
"35","fixedEffort","FRA_Other_10<40m","meg.27.7b-k8abd",90.2829948314815,0.00419022871406467,12654.5596666667,19184,80.3853476506166,11267.2511591935,"intermediate"
"36","fixedEffort","FRA_Other_10<40m","mon.27.78abd",449.668612219766,0.0141906544673131,12654.5596666667,34579,490.69864082522,13809.225416072,"intermediate"
"37","fixedEffort","FRA_Other_10<40m","sol.27.7fg",0.00787874667263673,0.00000660345340563739,12654.5596666667,1413,0.00933067966216563,14986.6022378294,"intermediate"
"38","fixedEffort","FRA_Other_10<40m","whg.27.7b-ce-k",128.626496100271,0.0153777171757484,12654.5596666667,5261,80.9021700616123,7959.33473465218,"intermediate"
"39","fixedEffort","FRA_Other_10<40m","had.27.7b-k",246.498277343142,0.0131926800888995,12654.5596666667,18382,242.507845394151,12449.7016054317,"intermediate"
"40","fixedEffort","FRA_Other_10<40m","nep.out.7",0.01271285669326,0.0000405761511653242,12654.5596666667,150,0.00608642267479863,6058.51231970756,"intermediate"
"41","fixedEffort","FRA_Other_10<40m","nep.fu.22",0.0787140264417796,0.0000251411308602036,12654.5596666667,1560,0.0392201641419176,6305.2791186772,"intermediate"
"42","fixedEffort","FRA_Other_10<40m","nep.fu.2021",2.27253664669782,0.0019254024517082,12654.5596666667,1710,3.29243819242102,18333.8542044397,"intermediate"
"43","fixedEffort","FRA_Other_10<40m","nep.fu.19",0.116373707845433,0.000333065662979952,12654.5596666667,595,0.198174069473071,21549.5891036143,"least"
"44","fixedEffort","FRA_Other_10<40m","nep.fu.16",0.0300270461758142,0.00000740326872613429,12654.5596666667,3290,0.0243567541089818,10264.8790811367,"intermediate"
"45","fixedEffort","FRA_Otter_10<40m","cod.27.7e-k",267.587958643367,0.446317933576553,143727.918333333,0,0,0,"choke"
"46","fixedEffort","FRA_Otter_10<40m","meg.27.7b-k8abd",4989.64716610997,0.237823030497501,143727.918333333,19184,4562.39701706406,131420.880884461,"intermediate"
"47","fixedEffort","FRA_Otter_10<40m","mon.27.78abd",11815.4149603928,0.376003105140713,143727.918333333,34579,13001.8113726607,158159.767508754,"intermediate"
"48","fixedEffort","FRA_Otter_10<40m","sol.27.7fg",71.2696438274515,0.0506947091678945,143727.918333333,1413,71.6316240542349,144457.915870565,"intermediate"
"49","fixedEffort","FRA_Otter_10<40m","whg.27.7b-ce-k",3902.50391107192,0.419707507996564,143727.918333333,5261,2208.08119956992,81322.8946227967,"intermediate"
"50","fixedEffort","FRA_Otter_10<40m","had.27.7b-k",10340.5161682339,0.589988294420319,143727.918333333,18382,10845.1648280343,150742.278175991,"intermediate"
"51","fixedEffort","FRA_Otter_10<40m","nep.out.7",41.0846541164692,0.162711290353593,143727.918333333,150,24.4066935530389,85382.8110085435,"intermediate"
"52","fixedEffort","FRA_Otter_10<40m","nep.fu.22",11.9098387719725,0.00380194195629415,143727.918333333,1560,5.93102945181887,71575.6554731624,"intermediate"
"53","fixedEffort","FRA_Otter_10<40m","nep.fu.2021",215.167817887923,0.112057159545279,143727.918333333,1710,191.617742822427,127996.926129283,"intermediate"
"54","fixedEffort","FRA_Otter_10<40m","nep.fu.19",6.89968516505928,0.0171339229561274,143727.918333333,595,10.1946841588958,212366.317762458,"least"
"55","fixedEffort","FRA_Otter_10<40m","nep.fu.16",102.979930224588,0.0269418079908895,143727.918333333,3290,88.6385482900265,123711.814545125,"intermediate"
"56","fixedEffort","FRA_Static_10<40m","cod.27.7e-k",4.55156987778422,0.00813678900560127,43862.7516666667,0,0,0,NA
"57","fixedEffort","FRA_Static_10<40m","mon.27.78abd",1996.59496998904,0.0622114726808083,43862.7516666667,34579,2151.21051382967,47259.4662258171,NA
"58","fixedEffort","FRA_Static_10<40m","sol.27.7fg",0,0,43862.7516666667,1413,0,NA,NA
"59","fixedEffort","FRA_Static_10<40m","nep.out.7",0.00161521291567026,0.00000282610694211334,43862.7516666667,150,0.000423916041317001,11511.8718203712,NA
"60","fixedEffort","IE_Beam_10<24m","cod.27.7e-k",12.5536870839733,0.0140906424027154,2142.27733333333,0,0,0,"choke"
"61","fixedEffort","IE_Beam_10<24m","meg.27.7b-k8abd",198.57560486052,0.00985397941677704,2142.27733333333,19184,189.038741131451,2039.39154828323,"intermediate"
"62","fixedEffort","IE_Beam_10<24m","mon.27.78abd",161.211403381077,0.00420216100706539,2142.27733333333,34579,145.306525463314,1930.92342946516,"intermediate"
"63","fixedEffort","IE_Beam_10<24m","sol.27.7fg",19.1356178957425,0.0045810433428252,2142.27733333333,1413,6.47301424341201,724.669136244125,"intermediate"
"64","fixedEffort","IE_Beam_10<24m","whg.27.7b-ce-k",21.1131735220102,0.00199991963459421,2142.27733333333,5261,10.5215771976001,1067.58637292673,"intermediate"
"65","fixedEffort","IE_Beam_10<24m","had.27.7b-k",237.458912689536,0.00675980437904149,2142.27733333333,18382,124.258724095541,1121.02192789383,"intermediate"
"66","fixedEffort","IE_Beam_10<24m","nep.fu.22",0.360103890354319,0.000122454478546842,2142.27733333333,1560,0.191028986533074,1136.44167369805,"intermediate"
"67","fixedEffort","IE_Beam_10<24m","nep.fu.2021",9.41627252804251,0.0023756901365329,2142.27733333333,1710,4.06243013347126,924.235356110169,"intermediate"
"68","fixedEffort","IE_Beam_10<24m","nep.fu.19",0.0243676548495934,0.0000686065186853285,2142.27733333333,595,0.0408208786177705,3588.75909599729,"intermediate"
"69","fixedEffort","IE_Beam_10<24m","nep.fu.16",0,0.00000964892197482479,2142.27733333333,3290,0.0317449532971736,Inf,"least"
"70","fixedEffort","IE_Beam_24<40m","cod.27.7e-k",21.9951173450608,0.02967667307165,9768.18433333333,0,0,0,NA
"71","fixedEffort","IE_Beam_24<40m","meg.27.7b-k8abd",571.995223792961,0.0280126157769926,9768.18433333333,19184,537.394021065826,9177.28617136541,NA
"72","fixedEffort","IE_Beam_24<40m","mon.27.78abd",432.783189193097,0.0110248582030503,9768.18433333333,34579,381.228571803276,8604.56472316047,NA
"73","fixedEffort","IE_Beam_24<40m","sol.27.7fg",18.4013113376329,0.00440707146072569,9768.18433333333,1413,6.2271919740054,3305.65349202789,NA
"74","fixedEffort","IE_Beam_24<40m","whg.27.7b-ce-k",46.5430396183084,0.00442821494063432,9768.18433333333,5261,23.2968388026772,4889.40597079065,NA
"75","fixedEffort","IE_Beam_24<40m","had.27.7b-k",589.121107557242,0.0169245472107476,9768.18433333333,18382,311.107026827962,5158.44831642793,NA
"76","fixedEffort","IE_Beam_24<40m","nep.out.7",0,0,9768.18433333333,150,0,NA,NA
"77","fixedEffort","IE_Beam_24<40m","nep.fu.22",1.12888927745729,0.000395205324466466,9768.18433333333,1560,0.616520306167687,5334.69855383307,NA
"78","fixedEffort","IE_Beam_24<40m","nep.fu.2021",11.0578959139109,0.0052727261040604,9768.18433333333,1710,9.01636163794328,7964.7595872763,NA
"79","fixedEffort","IE_Beam_24<40m","nep.fu.19",0.0243352050006648,0.000059668897837035,9768.18433333333,595,0.0355029942130358,14250.9500885128,NA
"80","fixedEffort","IE_Beam_24<40m","nep.fu.16",0,0.00000548487978741742,9768.18433333333,3290,0.0180452545006033,Inf,NA
"81","fixedEffort","IE_Otter_10<24m","cod.27.7e-k",127.147885239705,0.227726161789498,57099.6553333333,0,0,0,"choke"
"82","fixedEffort","IE_Otter_10<24m","meg.27.7b-k8abd",1720.30186158167,0.0817387875609424,57099.6553333333,19184,1568.07690056912,52047.0578787475,"intermediate"
"83","fixedEffort","IE_Otter_10<24m","mon.27.78abd",1759.0314776666,0.0535516558368611,57099.6553333333,34579,1851.76270718282,60109.7897801803,"intermediate"
"84","fixedEffort","IE_Otter_10<24m","sol.27.7fg",25.6755791003445,0.0154982217301679,57099.6553333333,1413,21.8989873047272,48700.9318217165,"intermediate"
"85","fixedEffort","IE_Otter_10<24m","whg.27.7b-ce-k",1965.94443846443,0.257337580277058,57099.6553333333,5261,1353.8530098376,39321.8336801545,"intermediate"
"86","fixedEffort","IE_Otter_10<24m","had.27.7b-k",2735.80534481941,0.156291776883279,57099.6553333333,18382,2872.95544266843,59962.1482116887,"intermediate"
"87","fixedEffort","IE_Otter_10<24m","nep.out.7",47.3813000763798,0.253233495620546,57099.6553333333,150,37.9850243430819,45776.1140855544,"intermediate"
"88","fixedEffort","IE_Otter_10<24m","nep.fu.22",1960.71034484584,0.580420610502071,57099.6553333333,1560,905.456152383231,26368.6241858399,"intermediate"
"89","fixedEffort","IE_Otter_10<24m","nep.fu.2021",976.402877525684,0.404681398463059,57099.6553333333,1710,692.005191371831,40468.1907701255,"intermediate"
"90","fixedEffort","IE_Otter_10<24m","nep.fu.19",286.506444907044,0.808911616974087,57099.6553333333,595,481.302412099582,95921.7578889179,"least"
"91","fixedEffort","IE_Otter_10<24m","nep.fu.16",1235.50667807205,0.332205397859098,57099.6553333333,3290,1092.95575895643,50511.5822023543,"intermediate"
"92","fixedEffort","IE_Otter_10<24m","nep.fu.17",193.481695825331,0.638679867917332,57099.6553333333,508,324.449372902005,95750.3875847006,"intermediate"
"93","fixedEffort","IE_Otter_24<40m","cod.27.7e-k",64.004416155266,0.110341018911789,41603.0593333333,0,0,0,"choke"
"94","fixedEffort","IE_Otter_24<40m","meg.27.7b-k8abd",886.781931995249,0.0410882742204401,41603.0593333333,19184,788.237452644923,36979.8800899768,"intermediate"
"95","fixedEffort","IE_Otter_24<40m","mon.27.78abd",1041.98666690997,0.031829222496425,41603.0593333333,34579,1100.62268470388,43944.2003525218,"intermediate"
"96","fixedEffort","IE_Otter_24<40m","sol.27.7fg",13.1136746233515,0.00784774084078021,41603.0593333333,1413,11.0888578080224,35179.3393214564,"intermediate"
"97","fixedEffort","IE_Otter_24<40m","whg.27.7b-ce-k",1484.63004341071,0.204319656162896,41603.0593333333,5261,1074.925711073,30122.1158329502,"intermediate"
"98","fixedEffort","IE_Otter_24<40m","had.27.7b-k",1458.85485345447,0.0809769655909728,41603.0593333333,18382,1488.51858149326,42448.9980740678,"intermediate"
"99","fixedEffort","IE_Otter_24<40m","nep.out.7",62.2918506067708,0.192507811114506,41603.0593333333,150,28.8761716671759,19285.621979233,"intermediate"
"100","fixedEffort","IE_Otter_24<40m","nep.fu.22",890.755580041422,0.25743035667721,41603.0593333333,1560,401.591356416448,18756.4685566947,"intermediate"
"101","fixedEffort","IE_Otter_24<40m","nep.fu.2021",816.049362471835,0.287184984946841,41603.0593333333,1710,491.086324259098,25036.100051662,"intermediate"
"102","fixedEffort","IE_Otter_24<40m","nep.fu.19",58.191339855551,0.164227436163097,41603.0593333333,595,97.7153245170427,69860.1622466449,"least"
"103","fixedEffort","IE_Otter_24<40m","nep.fu.16",1432.4377621411,0.395617231023824,41603.0593333333,3290,1301.58069006838,37802.5071016676,"intermediate"
"104","fixedEffort","IE_Otter_24<40m","nep.fu.17",99.670059190501,0.320680883454258,41603.0593333333,508,162.905888794763,67998.1873425419,"intermediate"
"105","fixedEffort","IE_Static_10<24m","cod.27.7e-k",10.966216759701,0.0198672279715064,8412.29066666667,0,0,0,NA
"106","fixedEffort","IE_Static_10<24m","meg.27.7b-k8abd",24.0445445740041,0.0012274801322249,8412.29066666667,19184,23.5479788566025,8238.56081551363,NA
"107","fixedEffort","IE_Static_10<24m","mon.27.78abd",49.5433146644878,0.00161102468326248,8412.29066666667,34579,55.7076225225333,9458.96971533085,NA
"108","fixedEffort","IE_Static_10<24m","sol.27.7fg",0.236840172383339,0.000153760370439468,8412.29066666667,1413,0.217263403430968,7716.94633768617,NA
"109","fixedEffort","IE_Static_10<24m","whg.27.7b-ce-k",49.8349790872093,0.00674080704754764,8412.29066666667,5261,35.4633858771481,5986.32357205706,NA
"110","fixedEffort","IE_Static_10<24m","had.27.7b-k",80.0166163275488,0.0115157457195698,8412.29066666667,18382,211.682437817132,22254.5550871191,NA
"111","fixedEffort","IE_Static_10<24m","nep.out.7",0,0,8412.29066666667,150,0,NA,NA
"112","fixedEffort","IE_Static_10<24m","nep.fu.22",0.875977656048304,0.000260171714831237,8412.29066666667,1560,0.40586787513673,3897.67765688794,NA
"113","fixedEffort","IE_Static_10<24m","nep.fu.2021",0.649549865720068,0.000547830416010313,8412.29066666667,1710,0.936790011377635,12132.3246839602,NA
"114","fixedEffort","IE_Static_10<24m","nep.fu.19",0.512806252611838,0.001748769725013,8412.29066666667,595,1.04051798638273,17069.0971507554,NA
"115","fixedEffort","IE_Static_10<24m","nep.fu.16",0.516139344717163,0.000104147265568864,8412.29066666667,3290,0.342644503721563,5584.58716651617,NA
"116","fixedEffort","IE_Static_10<24m","nep.fu.17",0,0,8412.29066666667,508,0,NA,NA
"117","fixedEffort","UKE_Beam_10<24m","cod.27.7e-k",7.39351492430263,0.00512204874028704,8836.9888,0,0,0,"choke"
"118","fixedEffort","UKE_Beam_10<24m","meg.27.7b-k8abd",145.263617393182,0.00687634610112265,8836.9888,19184,131.915823603937,8024.98710035208,"intermediate"
"119","fixedEffort","UKE_Beam_10<24m","mon.27.78abd",591.977678604304,0.0167413390650488,8836.9888,34579,578.898763530323,8641.74794852495,"intermediate"
"120","fixedEffort","UKE_Beam_10<24m","sol.27.7fg",150.17141496373,0.100240038229972,8836.9888,1413,141.63917401895,8334.90045192038,"intermediate"
"121","fixedEffort","UKE_Beam_10<24m","whg.27.7b-ce-k",92.8488292727097,0.00292702319976084,8836.9888,5261,15.3990690539418,1465.62322676596,"intermediate"
"122","fixedEffort","UKE_Beam_10<24m","had.27.7b-k",139.490877277553,0.00325869667584257,8836.9888,18382,59.9013622953381,3794.85510479206,"intermediate"
"123","fixedEffort","UKE_Beam_10<24m","nep.out.7",0.00926375406237021,0.0000423882172191092,8836.9888,150,0.00635823258286638,6065.31971210483,"intermediate"
"124","fixedEffort","UKE_Beam_10<24m","nep.fu.2021",0.00970255378702124,0.0000120884114125585,8836.9888,1710,0.020671183515475,18827.1068853388,"least"
"125","fixedEffort","UKE_Beam_24<40m","cod.27.7e-k",18.024910956052,0.0113494455574104,26404.3568333333,0,0,0,"choke"
"126","fixedEffort","UKE_Beam_24<40m","meg.27.7b-k8abd",685.040623842272,0.0325600041071864,26404.3568333333,19184,624.631118792264,24075.9195524623,"intermediate"
"127","fixedEffort","UKE_Beam_24<40m","mon.27.78abd",1250.12901910221,0.0368696786526986,26404.3568333333,34579,1274.91661813166,26927.9032831912,"intermediate"
"128","fixedEffort","UKE_Beam_24<40m","sol.27.7fg",88.6051326164447,0.0569941577781497,26404.3568333333,1413,80.5327449405255,23998.7828174956,"intermediate"
"129","fixedEffort","UKE_Beam_24<40m","whg.27.7b-ce-k",96.1103353120658,0.00319741682492485,26404.3568333333,5261,16.8216099159296,4621.39466363492,"intermediate"
"130","fixedEffort","UKE_Beam_24<40m","had.27.7b-k",333.960492107568,0.00733522017701655,26404.3568333333,18382,134.836017293918,10660.7170571163,"intermediate"
"131","fixedEffort","UKE_Beam_24<40m","nep.out.7",0.0137951025328595,0.0000276024909921824,26404.3568333333,150,0.00414037364882736,7924.83441036859,"intermediate"
"132","fixedEffort","UKE_Beam_24<40m","nep.fu.2021",0.0968352514793479,0.000214053348573307,26404.3568333333,1710,0.366031226060355,99806.8261030057,"least"
"133","fixedEffort","UKE_Other_<10m","cod.27.7e-k",0.198762891785255,0.00152699718450829,1435.65223,0,0,0,"choke"
"134","fixedEffort","UKE_Other_<10m","meg.27.7b-k8abd",19.8712122990259,0.0000180065237320599,1435.65223,19184,0.345437151275837,24.957089134331,"intermediate"
"135","fixedEffort","UKE_Other_<10m","mon.27.78abd",2.25556508833477,0.000402304901854399,1435.65223,34579,13.9113012012233,8854.4510176306,"intermediate"
"136","fixedEffort","UKE_Other_<10m","sol.27.7fg",0.357336138482179,0.000240957752446934,1435.65223,1413,0.340473304207518,1367.90323116275,"intermediate"
"137","fixedEffort","UKE_Other_<10m","whg.27.7b-ce-k",1.37551611889326,0.000968976847832996,1435.65223,5261,5.09778719644939,5320.65706546325,"intermediate"
"138","fixedEffort","UKE_Other_<10m","had.27.7b-k",0.732792248005792,0.00029183623566619,1435.65223,18382,5.3645336840159,10509.9429849682,"least"
"139","fixedEffort","UKE_Other_<10m","nep.out.7",9.89128552686729,0.0147507373817863,1435.65223,150,2.21261060726795,321.145248897889,"intermediate"
"140","fixedEffort","UKE_Otter_<10m","cod.27.7e-k",0.854212092496737,0.00181025829106636,4026.13139333333,0,0,0,NA
"141","fixedEffort","UKE_Otter_<10m","meg.27.7b-k8abd",26.06206586136,0.00132548705365373,4026.13139333333,19184,25.4281436372932,3928.20154460897,NA
"142","fixedEffort","UKE_Otter_<10m","mon.27.78abd",65.2184414279867,0.0019708254333777,4026.13139333333,34579,68.1491726607675,4207.0542851315,NA
"143","fixedEffort","UKE_Otter_<10m","sol.27.7fg",14.5142842324936,0.011010615172987,4026.13139333333,1413,15.5579992394306,4315.64851231842,NA
"144","fixedEffort","UKE_Otter_<10m","whg.27.7b-ce-k",83.7911173760493,0.00727575005657243,4026.13139333333,5261,38.2777210476276,1839.22997092243,NA
"145","fixedEffort","UKE_Otter_<10m","had.27.7b-k",219.048427856204,0.00363760496329057,4026.13139333333,18382,66.8664544352073,1229.0119312758,NA
"146","fixedEffort","UKE_Otter_<10m","nep.out.7",75.1562828717394,0.156725239769501,4026.13139333333,150,23.5087859654252,1259.36857941843,NA
"147","fixedEffort","UKE_Otter_<10m","nep.fu.22",0,0,4026.13139333333,1560,0,NA,NA
"148","fixedEffort","UKE_Otter_10<24m","cod.27.7e-k",7.35993714110257,0.0137459910417999,15495.7802866667,0,0,0,NA
"149","fixedEffort","UKE_Otter_10<24m","meg.27.7b-k8abd",166.185630798338,0.00847701372231708,15495.7802866667,19184,162.623031248931,15163.589954676,NA
"150","fixedEffort","UKE_Otter_10<24m","mon.27.78abd",410.748774255084,0.0119429315975089,15495.7802866667,34579,412.97463171026,15579.7522915434,NA
"151","fixedEffort","UKE_Otter_10<24m","sol.27.7fg",18.0840417854195,0.0125487063535685,15495.7802866667,1413,17.7313220775923,15193.5432558015,NA
"152","fixedEffort","UKE_Otter_10<24m","whg.27.7b-ce-k",511.384632025366,0.0419285351005153,15495.7802866667,5261,220.586023163811,6684.11276990904,NA
"153","fixedEffort","UKE_Otter_10<24m","had.27.7b-k",2230.07605119678,0.0378166202044398,15495.7802866667,18382,695.145112598012,4830.24600277118,NA
"154","fixedEffort","UKE_Otter_10<24m","nep.out.7",29.3265312992294,0.0845693642281476,15495.7802866667,150,12.6854046342221,6702.81258474421,NA
"155","fixedEffort","UKE_Otter_10<24m","nep.fu.22",66.9031552362232,0.017445320750518,15495.7802866667,1560,27.2147003708081,6303.33526161083,NA
"156","fixedEffort","UKE_Otter_10<24m","nep.fu.2021",230.725476607486,0.116359059481758,15495.7802866667,1710,198.973991713806,13363.3151557141,NA
"157","fixedEffort","UKE_Otter_10<24m","nep.fu.19",0,0,15495.7802866667,595,0,NA,NA
"158","fixedEffort","UKE_Otter_24<40m","cod.27.7e-k",6.27590529882507,0.0121521611623364,29614.1436666667,0,0,0,NA
"159","fixedEffort","UKE_Otter_24<40m","meg.27.7b-k8abd",2103.53133013388,0.109003022682219,29614.1436666667,19184,2091.11398713569,29439.3285953441,NA
"160","fixedEffort","UKE_Otter_24<40m","mon.27.78abd",2574.67198423658,0.0738190104547965,29614.1436666667,34579,2552.58756251641,29360.1263620855,NA
"161","fixedEffort","UKE_Otter_24<40m","sol.27.7fg",0.0311773150245393,0.0000260466674130997,29614.1436666667,1413,0.0368039410547099,34958.6613547655,NA
"162","fixedEffort","UKE_Otter_24<40m","whg.27.7b-ce-k",5.46924339722369,0.000488216098921122,29614.1436666667,5261,2.56850489642402,13907.6043040706,NA
"163","fixedEffort","UKE_Otter_24<40m","had.27.7b-k",265.573045328679,0.00455382802763154,29614.1436666667,18382,83.708466803923,9334.36056727733,NA
"164","fixedEffort","UKE_Otter_24<40m","nep.out.7",12.9036525292435,0.055723529451407,29614.1436666667,150,8.35852941771105,19182.9941527933,NA
"165","fixedEffort","UKE_Otter_24<40m","nep.fu.22",3.39708347379407,0.000983046236585312,29614.1436666667,1560,1.53355212907309,13368.7716010025,NA
"166","fixedEffort","UKE_Otter_24<40m","nep.fu.2021",148.439858182438,0.051097773389473,29614.1436666667,1710,87.3771924959988,17431.98062468,NA
"167","fixedEffort","UKE_Otter_24<40m","nep.fu.19",0.128956989003296,0.000440727713940186,29614.1436666667,595,0.262232989794411,60220.1206303967,NA
"168","fixedEffort","UKE_Otter_24<40m","nep.fu.16",8.40635817084907,0.00286472055587422,29614.1436666667,3290,9.42493062882618,33202.397996591,NA
"169","fixedEffort","UKE_Otter_24<40m","nep.fu.17",0,0,29614.1436666667,508,0,NA,NA
"170","fixedEffort","UKE_Static_10<24m","cod.27.7e-k",11.9564433257271,0.0228117189590885,20026.93436,0,0,0,"choke"
"171","fixedEffort","UKE_Static_10<24m","meg.27.7b-k8abd",7.19056330054547,0.000398623178653618,20026.93436,19184,7.64718705929101,21298.7087205594,"intermediate"
"172","fixedEffort","UKE_Static_10<24m","mon.27.78abd",179.121557743541,0.00544419845548552,20026.93436,34579,188.254938392234,21048.1046593235,"intermediate"
"173","fixedEffort","UKE_Static_10<24m","sol.27.7fg",0.452792919984332,0.00032359237226054,20026.93436,1413,0.457236022004143,20223.451815504,"intermediate"
"174","fixedEffort","UKE_Static_10<24m","whg.27.7b-ce-k",28.4653260771458,0.00345563886717475,20026.93436,5261,18.1801160802064,12790.7191510374,"intermediate"
"175","fixedEffort","UKE_Static_10<24m","had.27.7b-k",131.704067608264,0.0139465160698841,20026.93436,18382,256.36485839661,38982.8673066544,"least"
"176","fixedEffort","UKE_Static_10<24m","nep.out.7",0.0140440395165201,0.0000575033954522799,20026.93436,150,0.00862550931784199,12300.0585926002,"intermediate"
"177","fixedEffort","UKE_Static_24<40m","meg.27.7b-k8abd",0,0,1957.01583333333,19184,0,NA,NA
"178","fixedEffort","UKE_Static_24<40m","mon.27.78abd",362.114339215269,0.0120382689762424,1957.01583333333,34579,416.271302929486,2249.7024905468,NA
"179","fixedEffort","UKN_Otter_10<24m","cod.27.7e-k",1.15700221705677,0.00225444984939976,3751.724,0,0,0,"choke"
"180","fixedEffort","UKN_Otter_10<24m","meg.27.7b-k8abd",3.64784864430973,0.000218420560445986,3751.724,19184,4.1901800315958,4309.4986995639,"intermediate"
"181","fixedEffort","UKN_Otter_10<24m","sol.27.7fg",0.480691877571258,0.000398343598146311,3751.724,1413,0.562859504180737,4393.02931668517,"intermediate"
"182","fixedEffort","UKN_Otter_10<24m","whg.27.7b-ce-k",3.45637007680951,0.00047915564779539,3751.724,5261,2.52083786305155,2736.24863679215,"intermediate"
"183","fixedEffort","UKN_Otter_10<24m","had.27.7b-k",55.7869269258498,0.00423100546040515,3751.724,18382,77.7743423731675,5230.39864256127,"intermediate"
"184","fixedEffort","UKN_Otter_10<24m","nep.fu.22",463.201731971077,0.134022499143174,3751.724,1560,209.075098663351,1693.41349852,"intermediate"
"185","fixedEffort","UKN_Otter_10<24m","nep.fu.2021",6.74696186781651,0.00906639323507388,3751.724,1710,15.5035324319763,8620.91350883055,"intermediate"
"186","fixedEffort","UKN_Otter_10<24m","nep.fu.19",1.14157055020854,0.00531647441744696,3751.724,595,3.16330227838094,10396.0610011256,"least"
"187","fixedEffort","UKN_Otter_10<24m","nep.fu.16",226.45219914402,0.0794653372818706,3751.724,3290,261.440959657354,4331.396765574,"intermediate"
"188","fixedEffort","UKN_Otter_10<24m","nep.fu.17",3.09156654045902,0.0104549173953325,3751.724,508,5.31109803682891,6445.20300965783,"intermediate"
"189","fixedEffort","UKN_Otter_24<40m","cod.27.7e-k",0.0433868815579419,0.00013308911323941,1157.88433333333,0,0,0,"choke"
"190","fixedEffort","UKN_Otter_24<40m","meg.27.7b-k8abd",0.447461425460688,0.000115099625206145,1157.88433333333,19184,2.20807120995469,5713.76864108149,"intermediate"
"191","fixedEffort","UKN_Otter_24<40m","sol.27.7fg",0.00036627908479626,0.000000868222247103323,1157.88433333333,1413,0.001226798035157,3878.16362996138,"intermediate"
"192","fixedEffort","UKN_Otter_24<40m","whg.27.7b-ce-k",1.66328197016999,0.000393160091466239,1157.88433333333,5261,2.06841524120388,1439.91556787758,"intermediate"
"193","fixedEffort","UKN_Otter_24<40m","had.27.7b-k",10.7246300775487,0.00223827219207392,1157.88433333333,18382,41.1439194347028,4442.10190756155,"intermediate"
"194","fixedEffort","UKN_Otter_24<40m","nep.fu.22",10.7065064170185,0.00441207264227187,1157.88433333333,1560,6.88283332194412,744.362779230745,"intermediate"
"195","fixedEffort","UKN_Otter_24<40m","nep.fu.2021",0.405026431050614,0.00183455064469303,1157.88433333333,1710,3.13708160242508,8968.24839409629,"least"
"196","fixedEffort","UKN_Otter_24<40m","nep.fu.16",176.022172514832,0.0445008487584832,1157.88433333333,3290,146.40779241541,963.07917743395,"intermediate"
"197","fixedEffort","UKN_Otter_24<40m","nep.fu.17",6.38495957988897,0.0273333486209022,1157.88433333333,508,13.8853410994183,2518.04552884663,"intermediate"
"198","fixedEffort","UKS_Otter_10<24m","cod.27.7e-k",0.124470191749589,0.000246771606202006,795.1335482815,0,0,0,NA
"199","fixedEffort","UKS_Otter_10<24m","meg.27.7b-k8abd",0.571257252794556,0.0000302989030254009,795.1335482815,19184,0.581254155639291,809.048247468029,NA
"200","fixedEffort","UKS_Otter_10<24m","mon.27.78abd",10.2224788471338,0.000331331695052341,795.1335482815,34579,11.4571186832149,891.167354601198,NA
"201","fixedEffort","UKS_Otter_10<24m","sol.27.7fg",0.000941970171518226,0.00000128166141239062,795.1335482815,1413,0.00181098757570795,1528.68638573287,NA
"202","fixedEffort","UKS_Otter_10<24m","whg.27.7b-ce-k",0.103770581015281,0.0000149481685604318,795.1335482815,5261,0.0786423147964317,602.590273634001,NA
"203","fixedEffort","UKS_Otter_10<24m","had.27.7b-k",5.2312858989734,0.000296575192588205,795.1335482815,18382,5.45164519015638,828.627237687676,NA
"204","fixedEffort","UKS_Otter_10<24m","nep.out.7",16.923622928069,0.0723311673991264,795.1335482815,150,10.849675109869,509.757319959144,NA
"205","fixedEffort","UKS_Otter_10<24m","nep.fu.2021",10.5781309012224,0.00595292426037429,795.1335482815,1710,10.17950048524,765.169425122809,NA
"206","fixedEffort","UKS_Otter_10<24m","nep.fu.19",0,0,795.1335482815,595,0,NA,NA
"207","fixedEffort","UKS_Otter_10<24m","nep.fu.16",170.02024734627,0.0517113978736011,795.1335482815,3290,170.130499004148,795.649162117502,NA
"208","fixedEffort","UKS_Otter_24<40m","cod.27.7e-k",0.704270212333382,0.00138480870791791,1183.5883674317,0,0,0,"choke"
"209","fixedEffort","UKS_Otter_24<40m","meg.27.7b-k8abd",203.129526413636,0.00901256069711301,1183.5883674317,19184,172.896964413416,1007.43028085076,"intermediate"
"210","fixedEffort","UKS_Otter_24<40m","mon.27.78abd",217.263873124767,0.00702339700506913,1183.5883674317,34579,242.862045038285,1323.03952453668,"intermediate"
"211","fixedEffort","UKS_Otter_24<40m","whg.27.7b-ce-k",0.645375975708594,0.0000682826434118678,1183.5883674317,5261,0.359234986989837,658.819614890085,"intermediate"
"212","fixedEffort","UKS_Otter_24<40m","had.27.7b-k",9.31616806549662,0.000532001344290601,1183.5883674317,18382,9.77924871074983,1242.42123316052,"intermediate"
"213","fixedEffort","UKS_Otter_24<40m","nep.out.7",0.430260050175097,0.00137548782425181,1183.5883674317,150,0.206323173637772,567.567702718107,"intermediate"
"214","fixedEffort","UKS_Otter_24<40m","nep.fu.2021",0.591237704608551,0.00134061037928739,1183.5883674317,1710,2.29244374858144,4589.20284119726,"least"
"215","fixedEffort","UKS_Otter_24<40m","nep.fu.19",0.325229217920553,0.0016862039864809,1183.5883674317,595,1.00329137195614,3651.22175856276,"intermediate"
"216","fixedEffort","UKS_Otter_24<40m","nep.fu.16",38.1440240802934,0.0183018278302775,1183.5883674317,3290,60.213013561613,1868.37713476465,"intermediate"
"217","fixedEffort","UKS_Static_all","cod.27.7e-k",0,0,3875.23827348338,0,0,NA,NA
"218","fixedEffort","UKS_Static_all","meg.27.7b-k8abd",0,0,3875.23827348338,19184,0,NA,NA
"219","fixedEffort","UKS_Static_all","mon.27.78abd",651.377758166799,0.0200430718997445,3875.23827348338,34579,693.069383221265,4123.27403931838,NA
"220","fixedEffort","UKS_Static_all","whg.27.7b-ce-k",0.0685605352473675,0.0000222735194662576,3875.23827348338,5261,0.117180985911981,6623.40572301851,NA
"221","fixedEffort","UKS_Static_all","had.27.7b-k",0,0,3875.23827348338,18382,0,NA,NA
"222","fixedEffort","UKS_Static_all","nep.out.7",1.79931535807182,0.00559637514264219,3875.23827348338,150,0.839456271396329,1807.96159896994,NA
