landings.wt,,,,,,,,,,,,,,,,,,,,,,,,,,,,,,,,,,,,,,,,,,,,,,,,,,,,,,,,,,,,,,,,,,,,,,,,
Landings weight at length (kg); mon78,,,,,,,,,,,,,,,,,,,,,,,,,,,,,,,,,,,,,,,,,,,,,,,,,,,,,,,,,,,,,,,,,,,,,,,,
,,,,,,,,,,,,,,,,,,,,,,,,,,,,,,,,,,,,,,,,,,,,,,,,,,,,,,,,,,,,,,,,,,,,,,,,
year,2003,2003,2003,2003,2004,2004,2004,2004,2005,2005,2005,2005,2006,2006,2006,2006,2007,2007,2007,2007,2008,2008,2008,2008,2009,2009,2009,2009,2010,2010,2010,2010,2011,2011,2011,2011,2012,2012,2012,2012,2013,2013,2013,2013,2014,2014,2014,2014,2015,2015,2015,2015,2016,2016,2016,2016,2017,2017,2017,2017,2018,2018,2018,2018,2019,2019,2019,2019,2020,2020,2020,2020
quarter,1,2,3,4,1,2,3,4,1,2,3,4,1,2,3,4,1,2,3,4,1,2,3,4,1,2,3,4,1,2,3,4,1,2,3,4,1,2,3,4,1,2,3,4,1,2,3,4,1,2,3,4,1,2,3,4,1,2,3,4,1,2,3,4,1,2,3,4,1,2,3,4
,,,,,,,,,,,,,,,,,,,,,,,,,,,,,,,,,,,,,,,,,,,,,,,,,,,,,,,,,,,,,,,,,,,,,,,,
length,2003_1,2003_2,2003_3,2003_4,2004_1,2004_2,2004_3,2004_4,2005_1,2005_2,2005_3,2005_4,2006_1,2006_2,2006_3,2006_4,2007_1,2007_2,2007_3,2007_4,2008_1,2008_2,2008_3,2008_4,2009_1,2009_2,2009_3,2009_4,2010_1,2010_2,2010_3,2010_4,2011_1,2011_2,2011_3,2011_4,2012_1,2012_2,2012_3,2012_4,2013_1,2013_2,2013_3,2013_4,2014_1,2014_2,2014_3,2014_4,2015_1,2015_2,2015_3,2015_4,2016_1,2016_2,2016_3,2016_4,2017_1,2017_2,2017_3,2017_4,2018_1,2018_2,2018_3,2018_4,2019_1,2019_2,2019_3,2019_4,2020_1,2020_2,2020_3,2020_4
1,,,,,,,,,,,,,,,,,,,,,,,,,,,,,,,,,,,,,,,,,,3.03E-05,,3.03E-05,,,,,,,,,,,,,,,,,,,,,,,,,,,,
2,,,,,,,,,,,,,,,,,,,,,,,,,,,,,,,,,,,,,,,,,,,,,,,,,,,,,,,,,,,,,,,,,,,,,,,,
3,,,,,,,,,,,,,,,,,,,,,,,,,,,,,,,,,,,,,,,,,,,,,,,,,,,,,,,,,,,,,,,,,,,,,,,,
4,,,,,,,,,,,,,,,,,,,,,,,,,,,,,,,,,,,,,,,,,,,,,,,,,,,,,,,,,,,,,,,,,,,,,,,,
5,,,,,,,,,,,,,,,,,,,,,,,,,,,,,,,,,,,,,,,,,,,,,,,,,,,,,,,,,,,,,,,,,,,,,,,,
6,,,,,,,,,,,,,,,,,,,,,,,,,,,,,,,,,,,,,,,,,,,,,,,,,,,,,,,,,,,,,,,,,,,,,,,,
7,,,,,,,,,,,,,,,,,,,,,,,,,,,,,,,,,,,,,,,,,,,,,,,,,,,,,,,,,,,,,,,,,,,,,,,,
8,,,,,,,,,,,,,,,,,,,,,,,,,,,,,,,,,,,,,,,,,,,,,,,,,,,,,,,,,,,,,,,,,,,,,,,,
9,,,,,,,,,,,,,,,,,,,,,,,,,,,,,,,,,,,,,,,,,,,,,,,,,,,,,,,,,,,,,,,,,,,,,,,,
10,,,,,,,,,,,,,,,,,,,,,,,,,,,,,,,,,,,0.01495,0.01447,,,0.01632,,,,,,,,,,,,0.01739,,,,,,,,,,0.01739,,,,,,,,,,,
11,,,,,,,,,,,,,,0.02028,,,,,,,,,,,,,,,,,,,,0.02083,0.01931,0.01723,,,0.01777,,,,,0.02088,,,,,0.02291,,0.02291,,,,,0.026192081,,,,,,,,,,,,,,,,
12,,,,,,,,,,,,,,,,,,,,,,,,,,,,,,,,,,,0.02507,,,,0.02444,,,,,,,,,,0.02946,,0.02946,,,,,,,,,,,,,,,,,,,,,
13,,,,,,,,,,,,,,,,,,,,,,,0.03713,,,,,,,,,,,,,,,,,,,,0.041952986,,,,,,0.03713,,,,,,,0.041952986,,,,,,,,,,,,,,,,
14,,,,,,,,,,,,,,,,,,,,,,,0.04601,,,,,,0.0415,,,,,,0.0398,0.0397,,,,,,,,,,,0.0398,0.0397,,,,,,,,,,,,,,,,,,,,,,,,
15,,,,,,,,,,,,,,,,,,,,,,,0.05616,0.04883,0.05616,,,,,,,,,,,,,0.05004,,,,,,,,,0.04896,0.04883,0.05616,,,,,,,0.062808725,,,,,0.05104,,,,,,,,,,,
16,0.06743536,0.06768,,,,,,0.075563632,,,,,,,,,,,,,,,0.06768,,,,,,,,,,0.06195,,,,,0.06074,,0.06768,,,0.05942,,,0.06074,0.05942,0.05926,0.06768,,0.06768,0.05926,,,,0.05926,0.06195,,,,,,,0.05926,0.06195,,,0.05926,,,,
17,0.080630517,0.08065,0.086010257,0.09,,,0.089394045,0.089738268,0.081376651,,,0.07108,,,,0.07108,,0.07285,,,0.0743,,0.08065,0.07108,,,,0.07108,0.0743,,,,0.0743,0.087163292,0.07127,0.07108,0.0743,0.07285,,0.07108,,,0.07127,,0.0743,0.07285,0.07127,0.07108,0.079569083,,0.08065,0.07108,,,,0.089394045,0.0743,,,0.07108,0.0743,,,0.07108,0.0743,0.07285,0.07127,0.07108,0.07297,0.07297,0.07297,0.07297
18,0.096275528,0.09474286,0.099620519,0.105,0.104118592,,,0.10425896,0.09514,0.08648,,0.08438,,0.08648,,0.08438,0.0882,0.08648,,,0.088217471,,0.086792774,0.087286995,0.0882,,0.0846,0.08438,0.0882,,,0.08438,0.0882,0.10502945,0.0846,0.08438,0.0882,0.08648,0.091052612,0.08438,,0.08648,,,0.0882,0.08648,0.0846,0.08438,0.0882,0.094656646,0.09514,0.08438,0.0882,,,0.098761755,0.0882,0.08648,,0.08438,0.0882,,0.0846,0.08438,0.088083556,0.086481575,0.08655,0.084492353,,,,
19,0.111572122,0.112414577,0.116329665,0.122,0.120781681,0.122,,0.106579702,0.113630191,0.118886195,,0.09923,0.122328537,0.10171,,0.09923,0.10373,0.10171,,,0.10373,,0.101430497,0.09923,0.10373,0.10171,0.0995,0.09923,0.105180348,,0.0995,0.09923,0.10373,0.110967868,0.0995,0.09923,0.10373,0.10171,0.111273746,0.09923,0.10373,0.10171,0.0995,0.11124,0.10373,0.10171,0.0995,0.09923,0.104206025,0.11124,0.11124,0.09923,0.10373,0.10171,,0.115330629,0.10373,,,0.09923,0.10373,,0.0995,0.09923,0.10373,0.10171,,0.09923,0.10373,,,0.11124
20,0.13021461,0.135188338,0.136394669,0.14,0.136884325,0.131281011,0.140585097,0.131045542,0.131738647,0.138852879,0.140047631,0.120085051,0.141366731,0.126132469,,0.11574,0.12099,0.11862,0.11605,,0.12099,0.11862,0.118472844,0.123081351,0.128263857,0.11862,0.11605,0.11574,0.12099,0.11862,0.121108725,0.11574,0.12099,0.11862,0.11605,0.116909342,0.12099,0.127687526,0.123733605,0.121478442,0.12099,0.11862,0.11605,0.11574,0.12099,0.123942961,0.11605,0.11574,0.12099,0.123667116,0.129197177,0.11574,0.12099,0.11862,,0.124409839,0.12099,0.128479142,0.11605,0.11574,0.12099,,0.11605,0.11574,0.12099,0.11862,0.11605,0.11574,0.12099,,0.11605,
21,0.149448034,0.155423207,0.158939679,0.143203129,0.156138101,0.148631463,0.16205316,0.150456267,0.152853529,0.161191134,0.160213293,0.150850691,0.14006,0.151717235,0.13434,0.13399,0.145856185,0.13732,0.13434,,0.14006,0.13732,0.135538841,0.139585525,0.146134271,0.142318621,0.141850673,0.139681927,0.14006,0.146029031,0.13434,0.13399,0.14006,0.145615911,0.13434,0.13399,0.14006,0.13732,0.135114324,0.134148069,0.140692895,0.13732,0.13434,0.144150661,0.14006,0.13732,0.13434,0.13399,0.140225703,0.147800806,0.134239709,0.133783827,0.14006,0.139190109,0.13434,0.138321795,0.144085744,0.14395154,0.13434,0.13399,0.14006,0.13732,0.13434,0.13399,0.14006,0.13732,0.13434,0.13399,0.139924747,0.13715,0.134429567,0.13715
22,0.170593958,0.174236618,0.178806289,0.179695674,0.179109742,0.18198228,0.184617948,0.159151391,0.172854526,0.182518778,0.176400658,0.171620223,0.180555595,0.178548063,0.15446,0.15405,0.163716108,0.15789,0.15446,0.15405,0.16103,0.15789,0.155652981,0.157898838,0.167977206,0.158457813,0.15709623,0.16261412,0.161342013,0.159433451,0.15446,0.182806827,0.16103,0.166780275,0.155301932,0.154798367,0.161336553,0.163344623,0.155472126,0.154183327,0.161911633,0.158641482,0.15446,0.15405,0.16103,0.162039321,0.15446,0.15405,0.16113149,0.165839411,0.169135223,0.15405,0.161363416,0.15789,0.15446,0.158721176,0.169389471,0.163373232,0.155364438,0.154082766,0.16103,0.15789,0.15446,0.15405,0.161016541,0.15788854,0.154483573,0.154104062,0.160882807,0.15759,0.15457688,0.15759
23,0.195765302,0.199463164,0.203150756,0.196187097,0.200828116,0.194377632,0.207971306,0.193075439,0.196799596,0.204811268,0.20061991,0.204519785,0.194340789,0.202057666,0.17649,0.17603,0.18556105,0.180412665,0.17649,,0.18401,0.18041,0.178198468,0.181326502,0.18401,0.182741497,0.17649,0.1897553,0.185291296,0.182864852,0.17818084,0.192776399,0.18499178,0.186801161,0.182558874,0.176390707,0.18401,0.18041,0.18154664,0.181673462,0.184293757,0.181879486,0.17649,0.178454557,0.184259968,0.183097602,0.17649,0.17603,0.184045872,0.183025556,0.188181195,0.175779524,0.184315731,0.18041,0.17649,0.181440548,0.190915114,0.182162587,0.182083654,0.17603,0.18401,0.18041,0.17649,0.17603,0.18401,0.183840491,0.179554481,0.17603,0.183937394,0.17997,0.176506542,0.192696427
24,0.218540513,0.223069921,0.225807837,0.229338196,0.228292142,0.226429852,0.23542839,0.207534926,0.223850552,0.229744121,0.225695782,0.227850838,0.230086185,0.22500741,0.20053,0.2,0.211436778,0.204980689,0.20053,0.217320427,0.20907,0.20498,0.200771385,0.207977438,0.213323007,0.208209579,0.203163926,0.212820017,0.210425828,0.207406864,0.201043796,0.206223061,0.222446675,0.212992801,0.201470205,0.200688198,0.20907,0.209542499,0.204703772,0.205056977,0.209260424,0.205990419,0.20053,0.2,0.209669815,0.209383594,0.20053,0.2,0.209202448,0.221617677,0.216749682,0.2,0.211973723,0.205474546,0.20053,0.205354331,0.215697541,0.206275091,0.2029387,0.2,0.20907,0.20498,0.205996237,0.2,0.20907,0.205107847,0.20053,0.2,0.20948006,0.218499602,0.201111443,0.217645725
25,0.245550025,0.247961146,0.253034757,0.254766842,0.254119728,0.250331976,0.263062916,0.247104176,0.249143769,0.256354946,0.252811306,0.254532219,0.253181625,0.255844915,0.230759124,0.22606,0.238847493,0.231690621,0.238251816,0.238198822,0.250495054,0.233385138,0.226762509,0.228758668,0.239361793,0.235976919,0.228136071,0.234342684,0.237736771,0.234104901,0.227508917,0.241027815,0.2363,0.237625728,0.236550938,0.226825366,0.2363,0.235372517,0.231357329,0.234312786,0.237101911,0.232519138,0.22666,0.234257043,0.2363,0.233706987,0.22666,0.22606,0.2363,0.248192447,0.241075704,0.22606,0.235971566,0.238252959,0.22666,0.236038859,0.24030843,0.23440741,0.22824221,0.22606,0.236268375,0.231669157,0.226735969,0.226073515,0.2363,0.234601064,0.22666,0.22606,0.237895106,0.254155854,0.229452679,0.247955392
26,0.275350603,0.2791943,0.282321528,0.278561117,0.286907417,0.278226506,0.293843684,0.285212591,0.281239092,0.284710515,0.278008969,0.285476179,0.283159842,0.28674733,0.276823657,0.255963351,0.279139934,0.263458593,0.27149303,0.271634261,0.269817277,0.26062,0.277576273,0.263606435,0.269571999,0.263800161,0.257833689,0.26365255,0.26687852,0.269422646,0.256886026,0.270192909,0.27543942,0.267616071,0.258075541,0.255169039,0.27063543,0.26422563,0.257594764,0.262849053,0.266551,0.263518311,0.256400776,0.262703669,0.266405438,0.262755284,0.258333146,0.255523013,0.265942547,0.277605653,0.258957919,0.267769184,0.267803866,0.264080019,0.25496,0.2641649,0.270440848,0.26153822,0.255367434,0.254409416,0.26581,0.264894355,0.25496,0.25429,0.26581,0.263900894,0.258226083,0.258135341,0.266333613,0.276609955,0.25620336,0.276485121
27,0.30665997,0.311164574,0.310818582,0.3141363,0.314801786,0.311812701,0.327839073,0.317290344,0.314804768,0.314562592,0.313330045,0.316311483,0.31737053,0.31624851,0.28971124,0.286487803,0.304733766,0.294940389,0.29844689,0.307288245,0.302876273,0.29412713,0.30073673,0.293948546,0.300316305,0.295259214,0.290979724,0.287017526,0.298672665,0.301278803,0.289269168,0.295678209,0.300029721,0.313219506,0.296130971,0.285638256,0.300611046,0.296443412,0.300755234,0.295801578,0.298080556,0.295518502,0.289570659,0.292708264,0.29812319,0.294234318,0.285993809,0.295273724,0.298423147,0.305218969,0.299824573,0.292950135,0.300601074,0.3001082,0.28632304,0.302747823,0.301481919,0.29466026,0.288084444,0.285233406,0.297654913,0.291846763,0.285566393,0.284795944,0.297918666,0.293686903,0.289313651,0.296000431,0.299125482,0.317195586,0.288741279,0.311729534
28,0.344632014,0.34481009,0.344463562,0.346788573,0.346950531,0.346134339,0.362523395,0.352674461,0.345971583,0.347777136,0.344751907,0.352101396,0.35087803,0.350090901,0.338025816,0.333610232,0.347705962,0.329654678,0.33053631,0.338191507,0.340254168,0.330496669,0.336455775,0.330014136,0.338608911,0.331344578,0.323052116,0.33104611,0.335231588,0.336960491,0.323790322,0.341886751,0.347804244,0.341841915,0.327268701,0.318014819,0.335461647,0.3301673,0.33229774,0.329142395,0.332553068,0.327857397,0.319412808,0.331981719,0.333121163,0.327659361,0.321753848,0.339681433,0.333606279,0.348637272,0.33215236,0.3383104,0.344971388,0.333070468,0.319840439,0.320565923,0.333586743,0.325824007,0.319539926,0.319467634,0.331909051,0.325466669,0.31855193,0.31773651,0.33199,0.32560879,0.31843,0.336737716,0.334915697,0.355417716,0.32420247,0.354411886
29,0.379674575,0.381878113,0.380783738,0.384665237,0.388893897,0.382092281,0.394169353,0.374136296,0.388971324,0.38337313,0.380117412,0.38537125,0.378756357,0.382507406,0.373848797,0.361236949,0.370063631,0.366694221,0.37232033,0.377346657,0.37677681,0.368946218,0.373829907,0.377375155,0.375180162,0.367438402,0.358877544,0.35581395,0.400631963,0.379026236,0.361194574,0.369439046,0.370611179,0.389792715,0.371291604,0.355666703,0.37724817,0.368555759,0.369555024,0.374264749,0.369339289,0.363825453,0.355837191,0.371571179,0.373672737,0.363245258,0.359113792,0.365782067,0.369255361,0.373239804,0.372646992,0.378414874,0.379629992,0.36743737,0.360743064,0.362932099,0.368837623,0.362213099,0.357048921,0.35378666,0.368761478,0.364771181,0.354031523,0.353695513,0.368974369,0.363365892,0.354851853,0.359164936,0.373837292,0.395106326,0.358321257,0.395875954
30,0.420095909,0.418568161,0.419095918,0.420494147,0.421114571,0.421761345,0.430782354,0.425105502,0.429704461,0.422123787,0.415241478,0.423581554,0.425472895,0.421425155,0.413057167,0.418330706,0.422219757,0.413184449,0.408890312,0.420608078,0.416322831,0.414950995,0.41152617,0.412321663,0.414421835,0.406996346,0.395235578,0.409592448,0.414333431,0.420841922,0.403808941,0.418641612,0.416049708,0.424438824,0.41387866,0.405107743,0.419295576,0.411050184,0.412595603,0.407285214,0.409483333,0.405427791,0.395187387,0.401801462,0.411442845,0.403521043,0.396792967,0.406007022,0.409983532,0.410850835,0.403859536,0.424886132,0.425130752,0.40858886,0.401821259,0.404371295,0.407748603,0.406231614,0.394699698,0.393309499,0.408272257,0.40340841,0.395782326,0.394617547,0.40868866,0.401246562,0.393166696,0.398098765,0.412857,0.436523586,0.3971348,0.431673884
31,0.463224566,0.460634908,0.459089951,0.46309075,0.463676627,0.463676372,0.473296868,0.464158653,0.468748366,0.46418699,0.45716379,0.464517976,0.461311691,0.466191484,0.465346636,0.45526187,0.472424453,0.459811915,0.453035276,0.464176626,0.456404059,0.453440308,0.451631071,0.448382922,0.45673483,0.450130993,0.438067276,0.443800705,0.455897995,0.463202264,0.443032437,0.458513072,0.45959484,0.465610706,0.457357402,0.443633102,0.462103359,0.452316659,0.457580398,0.455253682,0.451012355,0.446895768,0.438822907,0.45230272,0.458898835,0.444532601,0.440015233,0.448673533,0.452152802,0.447384929,0.44474425,0.468969506,0.463521323,0.452011674,0.438928543,0.45247323,0.4499379,0.444809409,0.435742539,0.439845749,0.450504491,0.441676229,0.439212035,0.444019093,0.451011292,0.443120794,0.433648083,0.430019627,0.456975341,0.475979575,0.439412397,0.465785309
32,0.506998683,0.507362905,0.502664361,0.507197479,0.505830736,0.506738227,0.522108541,0.511142143,0.5150392,0.506401253,0.499745274,0.50748962,0.500671961,0.509983782,0.509441312,0.505949478,0.508456081,0.50798608,0.495855002,0.506242793,0.502106954,0.501293531,0.499506964,0.497139659,0.501912168,0.491989498,0.485481902,0.491088835,0.512927107,0.507628683,0.491598878,0.504609125,0.504308254,0.508470707,0.500888349,0.488745805,0.50835629,0.49903995,0.501209017,0.500842275,0.488762494,0.491021646,0.482720841,0.492014923,0.504638681,0.490061474,0.482995099,0.487288283,0.493123476,0.493711307,0.488169928,0.506804077,0.508168989,0.49568163,0.48406768,0.497717032,0.495971995,0.488610588,0.481750876,0.480749598,0.494554953,0.489889723,0.481909573,0.485678535,0.495896741,0.48617531,0.479261728,0.478461974,0.503531117,0.522929022,0.486254082,0.51373306
33,0.552359473,0.554327273,0.550050011,0.552760982,0.552690876,0.55162971,0.563100432,0.558408916,0.568174646,0.552528061,0.547247868,0.549799782,0.557972196,0.55866082,0.562129826,0.551170291,0.55633558,0.556966679,0.545400518,0.555766876,0.549858411,0.551323143,0.544724463,0.548642183,0.549685676,0.53714342,0.539864965,0.540436665,0.548492216,0.554660798,0.540576933,0.550872063,0.556404353,0.551431597,0.541125531,0.541786395,0.560521634,0.547571487,0.549285915,0.551818617,0.540355977,0.541383965,0.530442084,0.53986208,0.551570219,0.533602547,0.532133379,0.537425861,0.539217316,0.534230845,0.53089377,0.552437991,0.553969794,0.539340182,0.522016262,0.544723429,0.541292963,0.536665048,0.529279203,0.5273272,0.541561428,0.536612682,0.527725976,0.531796198,0.542580668,0.534183871,0.526446005,0.528047023,0.548912962,0.562790057,0.524885113,0.552180577
34,0.606261624,0.605397185,0.599773653,0.602067624,0.603777763,0.601900253,0.613747755,0.606349758,0.609823336,0.604249471,0.597435735,0.59792312,0.605423132,0.604403461,0.608824876,0.602454044,0.60996162,0.607562984,0.599285615,0.612978307,0.599958534,0.60313804,0.592637523,0.599872904,0.599112185,0.59320959,0.591451683,0.592832143,0.598708733,0.599462091,0.59075207,0.59745909,0.605074724,0.601575437,0.594855742,0.593989727,0.607690721,0.59940367,0.600378161,0.600305062,0.593045306,0.586134609,0.580992059,0.593470177,0.606839157,0.586562452,0.573369893,0.584248533,0.58946067,0.585974488,0.582922082,0.597818206,0.604960785,0.582489253,0.577133776,0.594888079,0.592329157,0.585392536,0.581517254,0.581793868,0.592705094,0.584769098,0.578851181,0.557158091,0.592577566,0.584653435,0.577268808,0.588473326,0.598355413,0.607587833,0.593664216,0.599958762
35,0.656631397,0.660452771,0.651817819,0.655263768,0.654399023,0.655758194,0.663460814,0.661963918,0.662642149,0.658246914,0.64759193,0.654322714,0.660220147,0.658152943,0.660417288,0.656933834,0.659032254,0.660280604,0.655227761,0.65590003,0.653524213,0.650781822,0.649376267,0.648147515,0.652319304,0.647749815,0.645454279,0.641250107,0.660169045,0.660786333,0.647430695,0.651991409,0.655264979,0.658938241,0.643387022,0.646730535,0.660719389,0.652522793,0.648650663,0.653995477,0.646012218,0.629930327,0.624524264,0.636721396,0.65045474,0.632371033,0.624083792,0.641616236,0.641898746,0.633099919,0.633932555,0.644216365,0.651692886,0.617303897,0.632826745,0.640113698,0.644916047,0.638064625,0.630601819,0.634342305,0.641692134,0.637866758,0.631116967,0.63285012,0.644319573,0.63702036,0.62751129,0.630634374,0.652494726,0.662610678,0.646439252,0.654578363
36,0.714449407,0.71939416,0.708054738,0.710193336,0.709132087,0.709757856,0.718304286,0.713105221,0.715918817,0.712458351,0.703380596,0.70516039,0.712349516,0.711966192,0.714454459,0.711640976,0.71532664,0.712525207,0.708189178,0.713350036,0.707400271,0.711186165,0.707014842,0.70251762,0.708277247,0.703491945,0.701529013,0.69807663,0.712975439,0.715835259,0.702947475,0.709387399,0.710989279,0.711899496,0.701579923,0.703641355,0.713852031,0.711385555,0.705002857,0.714713566,0.702003333,0.680060476,0.68066489,0.693250824,0.709727102,0.691172056,0.687408712,0.691175802,0.699479635,0.694421086,0.683380877,0.69423324,0.709888878,0.680440323,0.686459975,0.697086245,0.700299663,0.695465147,0.682436588,0.693384461,0.699081778,0.689742741,0.685228139,0.729136513,0.699123275,0.691753025,0.684458332,0.687340529,0.704658697,0.70263962,0.701465,0.704539942
37,0.771453381,0.774999131,0.767375712,0.766183716,0.768291384,0.767388798,0.771223555,0.770751894,0.780878359,0.774636189,0.763093777,0.765700841,0.769712321,0.77172602,0.772579621,0.769726481,0.768840129,0.77433393,0.765115779,0.767355658,0.769180742,0.769927563,0.765790272,0.764108944,0.765267847,0.765446496,0.760275245,0.755124996,0.770362265,0.762571205,0.758569787,0.766896776,0.771515199,0.769350174,0.764088737,0.761653734,0.773691073,0.769493453,0.762804836,0.769766242,0.762872988,0.745600303,0.734531216,0.755066846,0.765116285,0.754876786,0.742280986,0.748826878,0.757381386,0.747018398,0.745940015,0.751338476,0.766499702,0.736832021,0.747190048,0.764080441,0.761183649,0.753353438,0.74482066,0.745439851,0.759308536,0.752194401,0.744491029,0.749683692,0.75860058,0.753073864,0.743116581,0.743190903,0.76386187,0.76375972,0.760783307,0.763261888
38,0.833047129,0.838750518,0.828219604,0.827372565,0.830023682,0.829387299,0.835192297,0.832752332,0.839671725,0.83759355,0.823715007,0.824814645,0.831856158,0.832094771,0.831298822,0.829540896,0.831250402,0.835844851,0.828647372,0.826815193,0.833811875,0.829328033,0.830696192,0.821514482,0.827961878,0.832985408,0.823725984,0.816335087,0.832991624,0.827771647,0.821154098,0.827020107,0.833956029,0.834621206,0.826158762,0.821915015,0.835981427,0.83122165,0.822939056,0.831874614,0.824434166,0.806633564,0.796320349,0.81400501,0.824157664,0.815382577,0.800817362,0.809059482,0.82080153,0.810731639,0.806444676,0.815800077,0.827872561,0.799321247,0.811058221,0.820207661,0.822556008,0.81451533,0.805190521,0.809246073,0.821707133,0.812153084,0.807367542,0.808373084,0.822425376,0.814520586,0.806036204,0.8069368,0.828072522,0.836864306,0.821943476,0.826197732
39,0.896111048,0.899636962,0.891148488,0.890822958,0.89280667,0.892764542,0.898777456,0.894024051,0.900667218,0.900424431,0.889271543,0.888055734,0.893076367,0.89427234,0.891902941,0.893248249,0.897711677,0.903256038,0.893665433,0.892397682,0.893626432,0.898587477,0.889291848,0.884246367,0.89116838,0.892844614,0.884453534,0.881584564,0.892599699,0.889043548,0.892132848,0.892737702,0.897017056,0.892860835,0.891662254,0.888461436,0.90015491,0.893568635,0.887223911,0.895462767,0.883974501,0.875207424,0.865307128,0.876814139,0.889735763,0.882094838,0.868477868,0.874215302,0.887085529,0.879736818,0.871059282,0.875802068,0.891479703,0.861490999,0.873882555,0.879210649,0.888065337,0.878151645,0.872099108,0.870882836,0.888062234,0.883075328,0.872698159,0.852826778,0.887434086,0.87909742,0.86773575,0.871594644,0.893017407,0.89646499,0.874500972,0.912975108
40,0.962598019,0.969299811,0.957640097,0.959496547,0.961061754,0.958958875,0.966379402,0.962085132,0.968994254,0.96953044,0.958490434,0.955940373,0.962552338,0.963179583,0.959149274,0.959014834,0.966153808,0.969640376,0.959467532,0.961952523,0.960956343,0.967122899,0.962537998,0.953080062,0.961003574,0.959643682,0.954174955,0.948305145,0.972344494,0.956372621,0.954869774,0.961070957,0.962581096,0.959829327,0.956782268,0.956189623,0.967776646,0.96508354,0.956500549,0.961590027,0.953639796,0.928380522,0.928284292,0.937742588,0.953438676,0.95331464,0.941402485,0.939426568,0.952809653,0.941217072,0.938316224,0.939195778,0.959396753,0.926269693,0.944523029,0.955763667,0.955464268,0.946176853,0.9409347,0.93673398,0.955873762,0.94800018,0.937010542,0.937641807,0.95529046,0.947463354,0.938251918,0.932203335,0.961941669,0.96444267,0.93203331,0.974541055
41,1.034190223,1.037725325,1.030353374,1.032100537,1.033322124,1.031719131,1.037232219,1.032812055,1.040624325,1.046324935,1.029450305,1.028660885,1.03321414,1.038414066,1.031222,1.033410733,1.034808948,1.043834393,1.030982316,1.035711304,1.033058552,1.031872947,1.030878972,1.025772503,1.033002555,1.035549856,1.023935596,1.024414993,1.037025434,1.034688494,1.028295644,1.032595164,1.035687483,1.033404102,1.025451075,1.031729164,1.039398136,1.036367941,1.028881689,1.036216152,1.027392365,1.01097416,1.010070417,1.013663104,1.029386542,1.026957127,1.015644679,1.015174704,1.026417265,1.009489819,1.007714431,1.007751986,1.030776382,0.992040178,1.01635326,1.022571634,1.027281125,1.020302061,1.012741375,1.009872768,1.032088527,1.0196857,1.008815224,0.951190775,1.028594963,1.020443519,1.01017096,0.981196902,1.034143913,1.036379527,1.025556838,1.009259501
42,1.107398403,1.112285212,1.104758027,1.106989554,1.107244138,1.10600719,1.109701533,1.105019173,1.11056388,1.112693652,1.104513729,1.099761992,1.11016732,1.110200306,1.104862388,1.103712933,1.110211802,1.115198979,1.106865464,1.105505756,1.114442492,1.10993507,1.111557058,1.101188153,1.107970895,1.10679597,1.098982643,1.094517421,1.109173991,1.105569582,1.101396815,1.10691703,1.112055809,1.105160154,1.10026194,1.106598879,1.114795387,1.111879983,1.102477347,1.10603775,1.10349603,1.08334473,1.075265419,1.09110941,1.100553874,1.097356465,1.09085661,1.089737395,1.101884478,1.086814384,1.075349612,1.08161483,1.106063374,1.071584691,1.083525009,1.105217787,1.100909146,1.095828221,1.08791292,1.083602415,1.107068115,1.096708498,1.082142777,1.038956384,1.105217339,1.096405332,1.084961132,1.081291964,1.112552852,1.118620951,1.099655568,1.03098597
43,1.185488519,1.189092042,1.181723494,1.182888148,1.187649199,1.18335701,1.186840112,1.183061744,1.187468105,1.194272389,1.177799517,1.179773658,1.195322685,1.1871393,1.179378611,1.181404159,1.191949546,1.196386371,1.183501591,1.183242411,1.185464712,1.189965385,1.184593076,1.179106817,1.18458358,1.184057275,1.172862362,1.174177771,1.195414471,1.187735608,1.178581596,1.183146234,1.191302557,1.182195558,1.175093957,1.179477853,1.191715132,1.189086573,1.179836339,1.184335972,1.176604568,1.160230807,1.158586338,1.163865516,1.181662296,1.173080601,1.166225529,1.169672762,1.181918713,1.16082634,1.158673564,1.162728087,1.185374818,1.154423199,1.169624156,1.178204867,1.180869721,1.174266379,1.167330446,1.16419725,1.184790798,1.1762896,1.164400604,1.167753814,1.185841072,1.175514812,1.165334784,1.213982148,1.191186061,1.196086195,1.169614421,1.042003884
44,1.266414665,1.27151153,1.265517114,1.263317165,1.268542694,1.264971842,1.265134384,1.262528166,1.268366978,1.276406671,1.262898931,1.260022375,1.266393004,1.266620736,1.261495993,1.260876338,1.276174022,1.277624746,1.268567456,1.266285044,1.265163436,1.271901123,1.276515387,1.260840952,1.264749247,1.265820111,1.258535745,1.255267157,1.276881129,1.267660682,1.257150197,1.265774337,1.274316437,1.265909835,1.259378299,1.266186236,1.276148631,1.277077209,1.261762705,1.26446445,1.262099978,1.245336964,1.242917829,1.249342831,1.266417772,1.256604154,1.261124166,1.251473028,1.25923291,1.255239877,1.236552644,1.2347886,1.267363277,1.239142499,1.243276804,1.263495884,1.261377114,1.253036274,1.245677285,1.246955889,1.266293507,1.258944884,1.242500037,1.287352768,1.267193416,1.258645076,1.244693544,1.335000159,1.279422934,1.277160089,1.254536859,1.088572265
45,1.35478644,1.353002101,1.347471139,1.348857262,1.351457543,1.350504393,1.347532758,1.34651779,1.358515094,1.357167239,1.348466595,1.346441297,1.354011306,1.35492107,1.345439851,1.343605451,1.362291034,1.362369028,1.348658598,1.348185455,1.353237661,1.353829575,1.352787927,1.34963006,1.353239696,1.350826045,1.344382786,1.338172283,1.367333359,1.353913342,1.339030775,1.346272342,1.361191027,1.354078594,1.344845138,1.346587385,1.360803907,1.355414106,1.344944543,1.352315748,1.348983781,1.322979904,1.325696204,1.331912955,1.349208109,1.328972206,1.337177128,1.349986354,1.343003411,1.331588631,1.313671631,1.324771305,1.350277583,1.318820852,1.321757442,1.339906179,1.348267109,1.342325726,1.331678466,1.326198048,1.355714202,1.344517137,1.329931023,1.335956176,1.351138643,1.345488013,1.335667102,1.328113533,1.363846775,1.361473312,1.34322971,1.099553391
46,1.442280733,1.439985329,1.434605762,1.437469137,1.443754569,1.440836894,1.435990457,1.43451,1.444269435,1.448953293,1.435764699,1.431087196,1.444560209,1.444852786,1.434529163,1.434383568,1.446022201,1.450160145,1.440774347,1.436504364,1.438729425,1.439580829,1.440315827,1.437833534,1.443186313,1.444756526,1.432939264,1.430237714,1.457695325,1.446127433,1.429764432,1.435990293,1.449417373,1.439623938,1.430282955,1.438481635,1.4531313,1.451682518,1.436934028,1.436393202,1.434334433,1.41725069,1.417298672,1.43654136,1.444542805,1.431687559,1.432537908,1.436585691,1.43643242,1.429960932,1.410400237,1.415195717,1.437466709,1.413374731,1.402541112,1.435398246,1.436497972,1.428449116,1.421310905,1.423150704,1.440474243,1.433625784,1.41727774,1.388151041,1.443367195,1.43431867,1.420728459,1.374073538,1.457233018,1.452190573,1.42740502,1.175347175
47,1.533509214,1.532893696,1.527944144,1.528520691,1.535248413,1.533126309,1.528024223,1.52773995,1.531389112,1.533635056,1.535913691,1.527489309,1.546706187,1.533816004,1.52648771,1.525155282,1.534104782,1.539131464,1.533700746,1.529194389,1.538856117,1.53322476,1.53619691,1.529104045,1.534062825,1.529402017,1.526008947,1.521752058,1.547438932,1.55184381,1.523494912,1.530284034,1.541640393,1.533548997,1.523164675,1.52881619,1.539168188,1.547855788,1.527327411,1.53258172,1.526912942,1.518664323,1.508558791,1.519053641,1.534691373,1.524465717,1.521931118,1.532613385,1.531003403,1.51776672,1.506216541,1.510340387,1.527752526,1.506795127,1.505067763,1.520656501,1.529886024,1.521439502,1.513194383,1.510558497,1.535227459,1.526098745,1.507890236,1.583675919,1.541698519,1.528435466,1.513252182,1.503627675,1.556575546,1.55423979,1.520421158,1.159614984
48,1.629228362,1.629846935,1.625243915,1.622545111,1.63502363,1.630172751,1.630959814,1.621020077,1.635535566,1.634546034,1.621172414,1.62685409,1.63008831,1.632263057,1.622841554,1.62086062,1.627527958,1.632623348,1.624410797,1.623613995,1.636737553,1.631393569,1.63570281,1.626299459,1.631090195,1.629208821,1.624376432,1.62585298,1.639551862,1.635827831,1.621968494,1.614852634,1.637777586,1.63425763,1.617893725,1.624944216,1.636968267,1.631484668,1.623184142,1.62586413,1.627437692,1.609724487,1.603607546,1.62077122,1.635087842,1.615336489,1.615851427,1.627574554,1.630086805,1.615796591,1.604227964,1.6087699,1.62768543,1.60774355,1.585550699,1.61750614,1.621294446,1.612821763,1.610343505,1.608869481,1.630810121,1.621457548,1.605215158,1.611179394,1.63489185,1.62501198,1.610333991,1.604022502,1.646791543,1.647337713,1.610843206,1.628465006
49,1.734758453,1.728206905,1.72154148,1.721545762,1.730954348,1.728193793,1.726811155,1.721371076,1.732238755,1.728766059,1.731915718,1.725611087,1.747393461,1.734826413,1.723675864,1.719623478,1.731998757,1.734326314,1.727246126,1.723140574,1.730341851,1.74213585,1.727211014,1.723907286,1.730830588,1.731372487,1.724505149,1.725580007,1.748937817,1.737861012,1.718638437,1.718467333,1.741374828,1.732822433,1.718021929,1.722170402,1.740792033,1.741882018,1.723574652,1.728737522,1.726353183,1.705222704,1.711987104,1.731908926,1.735285842,1.718311629,1.713368956,1.728214181,1.732701404,1.71950228,1.707221114,1.713951415,1.733362652,1.713653282,1.69332836,1.715603248,1.727246266,1.71861847,1.71231598,1.710689532,1.731161519,1.720236063,1.702567823,1.761163308,1.736573512,1.726070175,1.713172187,1.654038719,1.744440689,1.744711777,1.708909157,1.537898889
50,1.840562518,1.829441313,1.82619702,1.824379074,1.838878062,1.83204447,1.824326572,1.824509632,1.837270011,1.837675992,1.832340137,1.826064932,1.841660236,1.838289831,1.823440601,1.823231976,1.838368402,1.835353102,1.830187511,1.826018412,1.832432242,1.832012773,1.828198463,1.828379097,1.842318589,1.840884778,1.827951411,1.831107553,1.853056901,1.84141129,1.823418672,1.82281248,1.839054339,1.8359847,1.822760751,1.826530113,1.840376133,1.84372914,1.826320264,1.826092345,1.830137821,1.813192887,1.806759967,1.805425184,1.833027955,1.819404164,1.812808645,1.826184094,1.834008345,1.815666408,1.807715328,1.808125172,1.834698251,1.817120634,1.820685773,1.813702604,1.825272145,1.827790086,1.815344661,1.802106036,1.837469472,1.825067273,1.807245021,1.824121109,1.840211928,1.831416936,1.818852217,1.815943946,1.855958234,1.845159083,1.815753351,1.202416068
51,1.946101082,1.940290495,1.936670857,1.931780106,1.943158773,1.940604524,1.93246926,1.931145806,1.948250868,1.939902121,1.934023036,1.940479225,1.95666515,1.950525459,1.934492795,1.930043181,1.952327802,1.941595653,1.939542827,1.935549771,1.946358971,1.944351728,1.940549733,1.94131722,1.942741756,1.945695377,1.936260607,1.934606416,1.958986777,1.9545027,1.932219456,1.927009796,1.947118445,1.942535698,1.929480514,1.935410144,1.9589761,1.955700117,1.934464504,1.933587148,1.945331174,1.909789661,1.917249504,1.917347314,1.947619749,1.934738287,1.921890839,1.941953301,1.943072446,1.927186417,1.924649838,1.916237579,1.934087602,1.926627472,1.921784274,1.921240932,1.937693248,1.925692514,1.919620842,1.909006167,1.942076359,1.929548846,1.917613997,1.921210794,1.944502926,1.940352871,1.922774707,1.914051364,1.966031956,1.960446315,1.919270876,1.815170769
52,2.059374787,2.053334248,2.047495058,2.043269819,2.059338557,2.053852059,2.04371806,2.041583103,2.048654467,2.048718782,2.043424715,2.045877518,2.054656958,2.061126709,2.053075007,2.039797816,2.051238997,2.05091663,2.048215426,2.047800896,2.069131902,2.055812299,2.053227866,2.051443163,2.055826291,2.060886341,2.048275637,2.04751137,2.072306301,2.066374761,2.047019004,2.042213977,2.069130376,2.057149572,2.042172575,2.050353612,2.06974166,2.056113882,2.04572835,2.044823732,2.041566306,2.024126972,2.024506701,2.022119467,2.048163319,2.041459259,2.035021113,2.054535632,2.069702427,2.040058366,2.035993157,2.036347568,2.05018696,2.054182044,2.037127359,2.033487713,2.051387084,2.031915082,2.024369812,2.025149752,2.040506465,2.040584226,2.023165579,2.019940587,2.055629316,2.052349085,2.036316951,2.023119742,2.078502622,2.079020308,2.020401326,2.045182413
53,2.180598265,2.16741018,2.15916426,2.156550135,2.170137446,2.166613681,2.157389337,2.158334494,2.167874227,2.165936158,2.160776053,2.168452278,2.188081599,2.178849765,2.159487342,2.155455404,2.179297025,2.166420379,2.158877418,2.165009812,2.170898492,2.162617834,2.165972108,2.162827788,2.17250695,2.173965387,2.163330472,2.164973256,2.178671342,2.186713686,2.163604172,2.159556718,2.187802298,2.170287811,2.158545787,2.163339668,2.178179663,2.178508464,2.16368329,2.16730192,2.159804932,2.142959217,2.137783525,2.136762087,2.167506864,2.162574753,2.147038498,2.162248294,2.188512523,2.153283505,2.161400396,2.146337224,2.151525603,2.164258079,2.15162968,2.148454902,2.165965903,2.150077628,2.144335343,2.140254964,2.16478965,2.155397878,2.14544579,2.081597373,2.15307339,2.171283586,2.146258726,2.197075121,2.17777774,2.180653986,2.141564014,2.104883026
54,2.298782514,2.28944578,2.284100247,2.276097634,2.283379826,2.290259886,2.27781852,2.27694475,2.289445437,2.280394218,2.2783529,2.28580186,2.310209901,2.298568401,2.28493223,2.278648284,2.304516851,2.283483849,2.284488002,2.276602454,2.292388515,2.282611513,2.287656668,2.286406294,2.301348826,2.294402145,2.284341153,2.284799181,2.305697609,2.314292485,2.280392698,2.282737721,2.303992586,2.296576909,2.281530958,2.283046496,2.300636702,2.294877357,2.277524297,2.286286512,2.285199871,2.268653419,2.269753676,2.260267033,2.292682567,2.282541083,2.270181359,2.277848061,2.283713938,2.276342203,2.277863619,2.274078541,2.284305886,2.28192822,2.272998917,2.263926042,2.294833807,2.27751573,2.257834359,2.255988431,2.271380337,2.278507711,2.254915696,2.28091926,2.276465277,2.283631279,2.275768284,2.266024663,2.295039433,2.310056363,2.237812264,2.135909963
55,2.421654105,2.410480903,2.407156937,2.399403077,2.412256491,2.410016795,2.403161504,2.402414082,2.411463673,2.405702396,2.398469695,2.41260773,2.426223653,2.419579347,2.405860783,2.402890078,2.414631734,2.4094581,2.40536665,2.410955564,2.41586712,2.413591899,2.405949444,2.408929512,2.415304332,2.417037171,2.414089383,2.41944436,2.431374994,2.424798053,2.404529949,2.407930048,2.423814981,2.422047064,2.400635343,2.398794672,2.429762561,2.425480084,2.406967313,2.404512159,2.401509518,2.384631433,2.367175822,2.382002213,2.405258984,2.412447258,2.394393592,2.408370155,2.406169079,2.393802067,2.400239763,2.395997565,2.399425055,2.405622722,2.395312598,2.391615933,2.409706895,2.401056053,2.382273936,2.38391739,2.397894224,2.39565665,2.385473667,2.424291642,2.415099015,2.407368103,2.388135418,2.549757723,2.454949758,2.4419416,2.367475542,2.318581749
56,2.545191878,2.54107179,2.530498057,2.52855115,2.538958542,2.538470167,2.530250674,2.532747526,2.539035664,2.532914622,2.532418969,2.529656883,2.55902066,2.550000154,2.530370607,2.531251192,2.542829124,2.537623759,2.531429672,2.524917287,2.541240686,2.544583561,2.524333055,2.535971054,2.544967806,2.543628261,2.541851967,2.537369557,2.549977041,2.564989643,2.534491045,2.536131008,2.561611826,2.554381422,2.536536024,2.534284938,2.555206878,2.553449503,2.533725021,2.529022147,2.542026939,2.518917278,2.509485539,2.504779091,2.532270555,2.529801814,2.51669582,2.532116247,2.536042049,2.530778931,2.529994772,2.526901773,2.52941672,2.536085352,2.532134791,2.519186916,2.542165084,2.538205453,2.513511932,2.494881508,2.514224486,2.519857691,2.507028166,2.72081355,2.550115071,2.538258257,2.522556699,2.464279529,2.554247423,2.574319421,2.524916753,2.26598724
57,2.698089221,2.672476183,2.674535271,2.661669295,2.674051496,2.666471378,2.663275256,2.663578973,2.678384965,2.666831003,2.658731637,2.656022436,2.668219004,2.676238648,2.657657837,2.664068616,2.697535307,2.666865579,2.668301258,2.657599176,2.675927872,2.669576391,2.659019903,2.66905503,2.671609809,2.677460761,2.67505436,2.673031118,2.69225702,2.695802954,2.666775087,2.665215352,2.697674682,2.690781181,2.664449553,2.663301641,2.699789815,2.685577274,2.672693932,2.662218964,2.665368412,2.648149529,2.64343215,2.63179443,2.668676596,2.670316671,2.658312032,2.672101254,2.670030193,2.671334084,2.663828383,2.660982249,2.668008552,2.676650173,2.66938482,2.649193569,2.680436222,2.674556315,2.633005152,2.631117245,2.657240114,2.662113812,2.638916405,2.667589893,2.686647832,2.670079014,2.651765421,2.711535267,2.69447891,2.705330648,2.662655723,2.665539356
58,2.814048571,2.81721221,2.806339538,2.801235475,2.820098594,2.795010768,2.80349453,2.79862466,2.81095555,2.804629011,2.799754072,2.800043617,2.817372868,2.818654504,2.799326306,2.800254396,2.838092242,2.803922546,2.803825696,2.809194987,2.809366059,2.806746118,2.801961554,2.808800142,2.811913205,2.818890456,2.815841207,2.809364549,2.839430884,2.815813403,2.806231772,2.807704832,2.829160793,2.827125323,2.804235941,2.80562385,2.837446758,2.821883992,2.802399081,2.797568375,2.804240275,2.776919416,2.772246609,2.762869251,2.810746261,2.808247866,2.797197466,2.802260757,2.809356552,2.799162457,2.794739859,2.798733641,2.809446408,2.808753188,2.797017731,2.79216967,2.825887751,2.805192274,2.776031993,2.762968077,2.795518108,2.796230328,2.772172923,2.80241023,2.820385226,2.814587552,2.774211851,2.700758645,2.803662209,2.833944771,2.79017358,2.369768814
59,2.965725043,2.956406647,2.949353156,2.938256305,2.95399531,2.948299269,2.929282168,2.943944227,2.959467807,2.945307685,2.935556038,2.945567159,2.937190472,2.944727645,2.942342229,2.94603631,2.978245517,2.957324751,2.945301381,2.946070002,2.951701248,2.956444627,2.938349016,2.938274746,2.948369189,2.966072038,2.938054618,2.946956923,2.957107102,2.964401618,2.942443934,2.953874393,2.986269338,2.965715619,2.943331368,2.940940005,2.984148803,2.968206847,2.952471533,2.947036208,2.946747286,2.930509041,2.923887405,2.915059739,2.954059596,2.94570156,2.935163321,2.943620215,3.011719645,2.939784329,2.943553086,2.939244059,2.994347366,2.957418815,2.941252038,2.928279352,2.977923203,2.956638152,2.919515594,2.905673715,2.950266493,2.93275329,2.924624427,2.930213875,2.95953804,2.940075911,2.931667395,2.892445466,2.92593907,2.9820815,2.949898856,2.956266767
60,3.109014554,3.100590479,3.090017838,3.08820147,3.109420028,3.087796298,3.088324977,3.083361678,3.117309221,3.09132367,3.071318178,3.072218441,3.094947696,3.091753142,3.093784662,3.083858101,3.11730783,3.106796138,3.093594413,3.091498983,3.105277121,3.102783644,3.079477804,3.093691377,3.11437532,3.104541389,3.09421881,3.099497284,3.128296843,3.110490245,3.090734021,3.092037912,3.12139646,3.110457954,3.091998749,3.088395294,3.12007548,3.113855764,3.091749442,3.085035655,3.093520969,3.066535099,3.070970035,3.064396021,3.089890994,3.096595017,3.079307116,3.08599882,3.103875577,3.100637801,3.084207624,3.078984981,3.10080395,3.096005135,3.087877726,3.072480919,3.122022932,3.082929014,3.072561443,3.06968494,3.089186232,3.086273979,3.069821973,3.356845782,3.099240882,3.09484561,3.090835958,3.050797876,3.072584832,3.099083563,3.040750017,2.88611732
61,3.256890972,3.248176293,3.238595923,3.241034813,3.245822319,3.245526824,3.22815028,3.239588265,3.273688245,3.24229274,3.236307219,3.228937435,3.25203142,3.234432902,3.238309927,3.246321498,3.28995282,3.242189681,3.248647712,3.243767212,3.254858125,3.24984498,3.227086049,3.24185007,3.254324898,3.244926244,3.244862966,3.248585298,3.274913928,3.258295946,3.234442339,3.240955665,3.288999663,3.26379575,3.245196083,3.243972368,3.263049871,3.267151666,3.253111169,3.239934372,3.252588256,3.229281008,3.218378745,3.225587853,3.263255586,3.246360208,3.230346163,3.242724705,3.265251057,3.233453305,3.234931637,3.226424792,3.25124964,3.246432407,3.233583599,3.231237612,3.273074799,3.239513113,3.221401052,3.201728808,3.245546504,3.227144139,3.217865027,3.207949698,3.270940782,3.246899117,3.220728324,3.076284944,3.274328693,3.280798768,3.236401815,3.078676659
62,3.405108102,3.409892939,3.387073804,3.391034665,3.428994897,3.390327195,3.400325975,3.393946331,3.414433719,3.395051542,3.393777251,3.391494592,3.391507228,3.387437795,3.403406247,3.398158298,3.461478647,3.399971063,3.402266653,3.400529609,3.401410541,3.415384907,3.380198878,3.40839865,3.431257665,3.407962788,3.398273013,3.399638118,3.414536058,3.408594611,3.383025574,3.420894037,3.429498091,3.427838523,3.409541031,3.401530301,3.427183409,3.410701784,3.392765834,3.395834593,3.381128336,3.359674875,3.37564672,3.360826519,3.436376759,3.4058882,3.392279908,3.398045128,3.417858534,3.392272935,3.385561725,3.381172125,3.417165042,3.411270438,3.394060728,3.386537183,3.452766304,3.381222566,3.38544974,3.357417652,3.42675308,3.397778766,3.373295345,2.972008212,3.41812207,3.411463635,3.373271527,3.341648505,3.37266396,3.4271018,3.333062133,3.162764316
63,3.563118242,3.571186566,3.548158407,3.55372645,3.583493713,3.561672552,3.555727227,3.548026052,3.56601179,3.559141783,3.534042863,3.538926363,3.55043154,3.563719845,3.539324796,3.557470535,3.594851507,3.572389115,3.560820821,3.54732541,3.561599664,3.567539916,3.540360089,3.557062338,3.579956151,3.572913405,3.562161977,3.563636074,3.57943667,3.585632389,3.563903266,3.58340292,3.60493562,3.586563407,3.561399703,3.565828031,3.612416025,3.579303173,3.567083206,3.551347067,3.565652495,3.565779232,3.533316223,3.539918124,3.581579292,3.562625285,3.56310972,3.557069522,3.645804427,3.564177396,3.550101313,3.553407658,3.558452138,3.571774326,3.559277947,3.556693309,3.578585678,3.571232501,3.525964167,3.514660189,3.553488485,3.538545036,3.525494446,3.542357703,3.560902767,3.593461125,3.535771851,3.419613953,3.588661521,3.581758264,3.553459099,3.31621701
64,3.728010562,3.717442199,3.721244816,3.713148879,3.751471489,3.725870502,3.714639715,3.7120861,3.743711563,3.731252867,3.714471233,3.707256597,3.705872997,3.717251563,3.715053624,3.724460995,3.769112205,3.731865791,3.732104328,3.720310699,3.721881932,3.74461464,3.692414814,3.699842528,3.746054038,3.735686709,3.727602679,3.720819805,3.740039905,3.740709536,3.719072053,3.720554099,3.780569678,3.759052302,3.73768357,3.729417204,3.738816462,3.737372568,3.728585831,3.729231532,3.722979275,3.705328098,3.690097637,3.685242453,3.732972775,3.728189464,3.704368629,3.711270482,3.746446958,3.722506981,3.697694511,3.711797835,3.788593421,3.741940821,3.721322493,3.721666338,3.770232971,3.738978111,3.691376803,3.70790075,3.71366978,3.692329958,3.694431318,3.879165652,3.780193988,3.737812381,3.693306489,3.650787596,3.710049965,3.733934456,3.671036436,3.152330999
65,3.894436945,3.887968518,3.870092144,3.893264122,3.9121536,3.922256089,3.896837389,3.889389593,3.911890127,3.893170317,3.888915068,3.875150574,3.878859534,3.879292172,3.880739546,3.899458319,3.917227234,3.90302999,3.895316358,3.889578017,3.899816902,3.906846881,3.86350927,3.90166358,3.932200232,3.904389235,3.868220013,3.888120372,3.923828046,3.900512644,3.863542427,3.886403692,3.916767725,3.930805783,3.90580891,3.907747626,3.92701324,3.906004263,3.900379067,3.902341407,3.896924442,3.863220957,3.875404672,3.873247531,3.901268474,3.892917,3.879092822,3.903362029,3.909134573,3.896294359,3.867069901,3.87892397,3.96860839,3.900082849,3.89680055,3.867066814,3.924432431,3.893553578,3.869374162,3.85226187,3.900260749,3.88415166,3.856190363,3.478590768,3.91534809,3.90382448,3.884149333,3.493949141,3.875609862,3.917920981,3.841035973,3.759042081
66,4.075519857,4.069871919,4.061688775,4.046369554,4.091054955,4.090738992,4.075782169,4.069757627,4.080091998,4.077943628,4.063244281,4.035823916,4.048018123,4.055485706,4.05108269,4.04295346,4.106718811,4.086710142,4.073939992,4.069246657,4.070040374,4.066140454,4.053945915,4.059504199,4.08502766,4.065052384,4.060591172,4.080392683,4.091271997,4.089421281,4.057787796,4.065168385,4.112435774,4.119314503,4.085490596,4.077381484,4.096065597,4.081306354,4.079259752,4.069736278,4.071558591,4.047104545,4.045351395,4.043321523,4.100652001,4.067640518,4.055309628,4.066450006,4.08201635,4.085687182,4.067219469,4.052347953,4.147904727,4.075075067,4.074235615,4.048870443,4.131159713,4.080622735,4.055382554,4.01561885,4.054211833,4.056964878,4.048306674,4.044512991,4.097292099,4.088165928,4.053763575,3.956468067,4.099738601,4.095048109,4.080409297,4.042423006
67,4.236883153,4.266719362,4.23041689,4.244410084,4.310586197,4.259437881,4.251455543,4.254591972,4.276357702,4.235355823,4.241700793,4.209156882,4.234076341,4.224369742,4.222905335,4.243211471,4.287328452,4.259177551,4.257251135,4.252590534,4.256130213,4.250423233,4.231208597,4.251064386,4.283498173,4.251871093,4.251450482,4.239760517,4.27993049,4.251916087,4.21212301,4.245744349,4.271645884,4.284812964,4.25728463,4.254223841,4.292612283,4.265973473,4.263334647,4.24656226,4.264198461,4.247522236,4.226055344,4.248941831,4.303170223,4.248945399,4.241850459,4.250857523,4.258531446,4.262012834,4.234416735,4.216745049,4.251289337,4.269396053,4.238509257,4.243057732,4.31560979,4.286065255,4.235033847,4.20241822,4.243561367,4.263236184,4.206642371,4.154181959,4.249745073,4.270729722,4.211279385,4.167571608,4.235143912,4.288440456,4.287605017,3.146001268
68,4.426440422,4.445261097,4.405574798,4.424448775,4.460547524,4.458163198,4.453833401,4.427333012,4.446742502,4.431755397,4.428940848,4.411744039,4.429070534,4.421235765,4.397528944,4.41163653,4.429006899,4.434511666,4.440428356,4.436343321,4.44791916,4.448285317,4.40602015,4.428108171,4.444335925,4.448794187,4.438447314,4.425048801,4.459393714,4.437602359,4.413953839,4.418892338,4.462809134,4.468845949,4.451502096,4.431712804,4.476199183,4.468285106,4.426880382,4.427198882,4.466996938,4.42812078,4.433688352,4.428961555,4.461408634,4.428949947,4.429965146,4.420466264,4.444036533,4.428956948,4.440702135,4.413667294,4.434851678,4.435315535,4.440665173,4.421883024,4.484651596,4.455898323,4.430667717,4.390325402,4.412564649,4.42720804,4.390357599,4.41052074,4.444181811,4.43832643,4.366695617,4.147506079,4.468398747,4.468284847,4.434279079,4.390333301
69,4.610580458,4.629811105,4.611539017,4.593929186,4.64224016,4.65310911,4.622623581,4.643070507,4.650777817,4.627339857,4.630862041,4.599249107,4.621051252,4.602506886,4.608396259,4.608656527,4.658420062,4.632429584,4.642654495,4.606441732,4.63402793,4.643739234,4.622152961,4.634744153,4.66188694,4.638185115,4.640498563,4.604011943,4.619181208,4.635050377,4.615517266,4.607356898,4.655379196,4.674490653,4.667872466,4.642895987,4.669378495,4.665871585,4.642299011,4.63686153,4.660944193,4.613781639,4.605694378,4.600827692,4.677409786,4.639242807,4.635923922,4.623570745,4.636103468,4.630758866,4.617724422,4.582115069,4.619873706,4.640299345,4.629304139,4.622062908,4.670786065,4.651204267,4.627114654,4.615500336,4.608159923,4.638705203,4.558879361,4.632912531,4.64983521,4.650367449,4.615594129,4.57987375,4.626849105,4.629610622,4.623531496,4.877367334
70,4.818603825,4.838744498,4.821058658,4.820778888,4.814671508,4.831365945,4.826344314,4.825427949,4.859239405,4.832974798,4.823632629,4.821157151,4.816033366,4.803027652,4.765002777,4.788791011,4.847552691,4.823665996,4.830190747,4.821823885,4.831347709,4.819623802,4.806570996,4.833398862,4.83904285,4.833816486,4.81862043,4.805687673,4.84615254,4.833595419,4.779897568,4.81404854,4.843261269,4.892821486,4.834818386,4.819406057,4.857430267,4.856919084,4.830846273,4.827132778,4.833637649,4.836251634,4.799024965,4.7776178,4.852639961,4.833858151,4.824586989,4.822246575,4.831269654,4.822673549,4.818310001,4.816117787,4.805338682,4.837951797,4.840269755,4.819432997,4.897253827,4.849133085,4.805971966,4.740126685,4.803766561,4.772920052,4.808592705,4.457798066,4.848563095,4.819964749,4.7958364,4.707750405,4.836338453,4.779885695,4.823087178,4.613311069
71,5.04755033,5.030796532,5.001256313,5.016567095,5.052029081,5.042491624,5.046106645,5.032501814,5.037859591,5.028816343,5.023443217,5.010439581,5.023658975,5.024159896,5.001396856,5.003120541,5.088069304,5.018899098,5.027790998,5.023889974,5.015363906,5.02294984,5.001799921,5.028832383,5.039097718,5.024343035,5.024418924,5.025143317,5.039222437,5.033534824,4.995461589,5.00670348,5.060879611,5.071325089,5.051847979,5.029178772,5.054850261,5.035851672,5.031881228,5.023763636,4.993034718,5.036977547,5.041210569,4.987743207,5.061476159,5.035451812,5.019686852,5.028440834,5.041264871,5.03929394,5.008532197,4.984797566,4.996681694,5.034260567,5.025681063,5.015675669,5.093457528,5.041996928,5.030484357,4.964410541,5.018153804,5.000312042,4.94229589,4.527471547,5.04591264,5.034635735,5.003518122,4.945070177,5.009016422,4.996888091,5.046201643,4.745076896
72,5.232534948,5.230420401,5.234969536,5.20126346,5.225650207,5.248502206,5.236198425,5.235694264,5.274223432,5.246744832,5.228994001,5.217592364,5.220084906,5.231309579,5.15565387,5.175051309,5.250318866,5.22747028,5.238847381,5.23293817,5.236150513,5.232129086,5.217893754,5.252246809,5.274812115,5.226051638,5.250525495,5.186949375,5.249210546,5.238464056,5.186129302,5.210342595,5.26751111,5.272478828,5.233717124,5.217573014,5.265957614,5.237152263,5.234898163,5.228009092,5.254664608,5.219353708,5.203756168,5.208744155,5.274760082,5.234037848,5.226599926,5.225191618,5.239843077,5.213914201,5.243827478,5.217540956,5.223612817,5.245912457,5.230081905,5.219039333,5.292221329,5.238698689,5.220712694,5.189025219,5.246366099,5.231926233,5.173523424,5.080377691,5.249968818,5.183753051,5.21696666,5.151260448,5.19529767,5.205775333,5.304248539,5.107929007
73,5.45568997,5.456218682,5.447521212,5.41768074,5.438729075,5.462917186,5.454438702,5.451792812,5.521227,5.434019669,5.435502839,5.43421221,5.459577356,5.435502941,5.42000856,5.431883013,5.481877971,5.430093242,5.45081272,5.446020579,5.461885502,5.451665876,5.45022227,5.454602389,5.453559919,5.457609764,5.441289033,5.425643953,5.432912685,5.442709946,5.436465061,5.420702936,5.445319247,5.494117967,5.468220978,5.438321182,5.484269446,5.46572481,5.466266169,5.440812481,5.501186717,5.393286627,5.442071687,5.431559482,5.469679937,5.441119014,5.431883543,5.431721497,5.479245269,5.47905816,5.468960481,5.43278784,5.584310688,5.461069565,5.440712972,5.416254966,5.488942713,5.479449779,5.459007187,5.402251404,5.464202687,5.458340185,5.428142212,5.418261786,5.443755053,5.447140535,5.405137127,5.418290262,5.476810759,5.553737547,5.446860644,5.240878049
74,5.648701872,5.674227446,5.671556731,5.641363437,5.652269124,5.681335164,5.667955061,5.695428486,5.704479324,5.674241268,5.633269928,5.644331628,5.662280318,5.658215734,5.633491461,5.629274124,5.655168851,5.634722343,5.678548036,5.662948754,5.674949487,5.667104939,5.664324876,5.652282507,5.669647519,5.687679942,5.631521695,5.64585413,5.666669855,5.64677494,5.617979911,5.632306122,5.687636853,5.735571063,5.677323452,5.688075222,5.724951768,5.694641515,5.686810444,5.665023657,5.662066298,5.605262169,5.646262517,5.635055579,5.70507285,5.661785276,5.64965132,5.638086253,5.678444379,5.67486348,5.62080092,5.66284968,5.661584888,5.675076194,5.697564173,5.658721511,5.730595017,5.696666005,5.637436704,5.621067048,5.667733692,5.668228342,5.60261974,4.888320224,5.675772508,5.677552959,5.656165815,5.694721856,5.679394264,5.676953226,5.512871171,5.444339869
75,5.891266837,5.897772253,5.905408049,5.860290159,5.875866589,5.938678699,5.859389449,5.904933774,5.872343075,5.893246879,5.899616191,5.882671812,5.874732478,5.881504786,5.822878251,5.849693853,5.87591309,5.861968128,5.897350108,5.873164343,5.857968932,5.888488425,5.887237462,5.904976091,5.830579621,5.90961743,5.874839596,5.87348917,5.93854432,5.899479692,5.870964846,5.861549281,5.93787029,5.913782842,5.907591218,5.886282576,5.925546308,5.914563563,5.904839883,5.918500605,5.919328159,5.860870183,5.876621623,5.882632537,5.930241788,5.906558781,5.878308083,5.886318631,5.898606406,5.895755617,5.875803617,5.84330473,5.893545261,5.917283443,5.900976202,5.900668068,5.998009413,5.906770837,5.882518524,5.863879601,5.894869227,5.905409698,5.860011459,5.689293694,5.892495242,5.85637725,5.848667476,6.04330341,5.908970171,5.922162764,5.638043789,5.747721503
76,6.088493701,6.138989811,6.121699984,6.097267471,6.044428769,6.130140943,6.040775157,6.136472081,6.121807163,6.132539894,6.098796758,6.103906246,6.117561386,6.086392384,6.065463043,6.062788798,6.054671992,6.059184274,6.122166458,6.106631003,6.089523451,6.099616567,6.107381708,6.108684258,6.095993673,6.151547234,6.078345012,6.102724052,6.127428809,6.1155758,6.108221862,6.113308006,6.07821284,6.159040538,6.130615494,6.144717841,6.138120477,6.13419536,6.117620249,6.111581221,6.124445041,6.071665911,6.103244821,6.100914938,6.133240227,6.140245468,6.0978346,6.097500233,6.107221976,6.124902175,6.076767823,6.10205,6.106252954,6.142867926,6.131968719,6.122590831,6.15841677,6.091403899,6.110974978,6.093522396,6.103350727,6.112201883,6.075774698,6.087935301,6.155147142,6.130228105,6.06263912,5.098055224,6.079793851,6.117694143,6.235737538,6.017942309
77,6.393952426,6.352051306,6.344759962,6.301651964,6.372267365,6.351667319,6.371435778,6.354164737,6.392160618,6.365129329,6.345825526,6.371291744,6.37919143,6.346447981,6.340913586,6.308520294,6.367452243,6.346347916,6.347371113,6.367947042,6.401392831,6.321434492,6.378406264,6.328170586,6.310352538,6.31014652,6.342582718,6.304842056,6.383893241,6.362535191,6.309005415,6.314971101,6.413576444,6.367580961,6.364341545,6.346495742,6.409988043,6.35330967,6.371988308,6.362257915,6.357376956,6.353432205,6.361905408,6.329218025,6.446067334,6.357186247,6.364708916,6.35042973,6.418587029,6.320342058,6.267860257,6.330925128,6.344741419,6.377172094,6.371789001,6.378553012,6.469701489,6.36048169,6.353588275,6.336622042,6.312597554,6.315702464,6.3330347,5.107301166,6.406443765,6.37925592,6.347009061,6.296051587,6.411846687,6.360989208,6.060136695,6.227858807
78,6.583153653,6.58853768,6.595425946,6.539415449,6.645814556,6.625883218,6.588815922,6.61363837,6.761433576,6.598864551,6.577709329,6.598129611,6.580873876,6.61147495,6.517048981,6.513657581,6.591931792,6.570299135,6.597484487,6.619583621,6.585968064,6.601653117,6.564475508,6.578013218,6.609016733,6.58241459,6.593475307,6.569587905,6.608057012,6.604795192,6.505797723,6.592777639,6.615109102,6.622381115,6.625469264,6.592160316,6.689606991,6.670585811,6.62132071,6.604694897,6.642961622,6.530826939,6.550746106,6.604650432,6.651211147,6.59137333,6.616138989,6.571706708,6.631341372,6.624424608,6.58409464,6.571248117,6.709370395,6.59619067,6.606939333,6.591700918,6.658784122,6.633336125,6.615693525,6.642593859,6.60623867,6.552636588,6.574066766,6.385160719,6.591080269,6.631017759,6.55582188,5.905339412,6.598314578,6.602882668,6.592283967,6.594768165
79,6.859727312,6.902573318,6.849553021,6.82913524,6.796491926,6.820564929,6.864082021,6.870142294,6.898159543,6.833936742,6.840919331,6.781585222,6.870491162,6.815651177,6.749737241,6.781563002,6.730565198,6.856415136,6.828062394,6.835314269,6.88359537,6.87868397,6.817518018,6.810210497,6.827032795,6.862856094,6.822600176,6.81391281,6.863378581,6.832788942,6.786211163,6.835436685,6.938723599,6.851704994,6.850604222,6.864397963,6.894481284,6.857487667,6.871910641,6.821718501,6.952181129,6.807734978,6.820075442,6.768644236,6.935264539,6.926623036,6.882824027,6.869440421,6.852210662,6.852605049,6.832541092,6.846322704,6.872707494,6.88333584,6.859729157,6.906756079,7.075283287,6.873001999,6.856469386,6.822784106,6.88356997,6.840537634,6.807470201,6.671040008,6.879937493,6.8491848,6.835110529,6.849328304,6.883221461,6.933599009,6.517733095,6.802540492
80,7.067137254,7.142199109,7.101591048,7.065209877,7.029855586,7.099140345,7.065504565,7.100593071,7.135148518,7.146085034,7.070387756,7.105383402,7.13708693,7.089786238,7.052638289,7.059249496,7.066937156,7.0177574,7.08438924,7.104846474,7.097413971,7.064889666,7.107536437,7.109778632,7.196269199,7.059496747,7.062558708,7.074375318,7.120053664,7.091618041,7.060818384,7.083093068,7.058191292,7.118515799,7.089698289,7.115004425,7.080356069,7.09591881,7.105222528,7.058084217,7.127356987,7.082262246,7.094123003,7.05926498,7.133193126,7.09949765,7.102847311,7.105738387,7.106170167,7.120661847,7.092875189,7.032689556,7.072555696,7.097185313,7.114815759,7.104212176,7.134495976,7.081209782,7.084566587,7.07801808,7.185555201,7.083655683,7.043136815,7.108144273,7.171013407,7.07186497,7.068249396,6.805471638,7.116130175,7.187555036,7.101800063,7.072118
81,7.381661049,7.381160117,7.374793619,7.354459365,7.409496383,7.33881389,7.334182571,7.404570918,7.543422458,7.361279345,7.381251879,7.398778799,7.338151165,7.346411139,7.243662717,7.292223847,7.328547039,7.238695723,7.347074244,7.407769176,7.369741665,7.386310449,7.362321755,7.383353986,7.327497725,7.325094303,7.320446597,7.337522454,7.375619178,7.355974432,7.291726482,7.397787873,7.367695234,7.351166447,7.38331592,7.370329811,7.397739772,7.395101066,7.390854247,7.385908286,7.44579915,7.315007641,7.446158024,7.434140871,7.452268696,7.359675441,7.351341981,7.362899443,7.380481768,7.374394447,7.355328906,7.282216975,7.428697843,7.441376943,7.408226938,7.383283799,7.440246717,7.435423809,7.382112743,7.397185736,7.448183148,7.362791324,7.343545379,7.626343996,7.427436661,7.408805742,7.327110042,6.942839942,7.301623434,7.40621397,7.086759378,7.034762003
82,7.722262322,7.684719223,7.583255843,7.613244468,7.561885972,7.727417398,7.629470489,7.689037528,7.748087935,7.669017965,7.615458825,7.630895719,7.546243877,7.619175742,7.634992129,7.599673037,7.557349494,7.48979188,7.638205476,7.571780508,7.615971452,7.653398667,7.636231603,7.628138119,7.679384598,7.579634773,7.646128345,7.574988743,7.545607896,7.619764976,7.574680199,7.550475215,7.63735772,7.630165864,7.6182949,7.642348726,7.663065648,7.65677099,7.663023602,7.628664347,7.666841419,7.600751185,7.619559557,7.558810846,7.733327456,7.610536872,7.636137629,7.63307602,7.608459666,7.719300627,7.606113006,7.613720008,7.622586384,7.680945305,7.680299573,7.650106099,7.713681006,7.615748071,7.622992624,7.685535444,7.633415621,7.680224314,7.575594951,7.576656206,7.651316202,7.658323894,7.625092267,7.590082334,7.576213636,7.655441121,7.267369667,7.821646209
83,7.893025309,7.948026384,7.868061496,7.753991669,7.916057547,7.860664492,7.885535776,7.925281903,7.94977765,7.821999407,7.845090434,7.908964939,7.902252459,7.88781199,7.824569415,7.826960167,7.763453947,7.890103635,7.867753065,7.816218256,7.747332815,7.805161871,7.90966804,7.924584957,7.954999754,7.840638398,7.90021436,7.843319299,7.831632851,7.854735894,7.774290178,7.836140871,7.929596903,7.901239032,7.923066806,7.927086423,7.953881267,7.903300435,7.932693166,7.894468292,8.011272192,7.946111648,7.853151627,7.939503158,7.903956904,7.862631027,7.895802371,7.874049014,7.90312574,7.868093386,7.909037921,7.789589826,7.880377889,7.902873484,7.934324657,7.923052245,7.939979151,7.881096331,7.900314233,7.886533406,7.913751946,7.910115427,7.894127736,7.915701696,7.918804968,7.903533212,7.889359891,7.649531906,7.905785347,7.713164277,7.908222268,7.916254247
84,8.134511564,8.224322792,8.167095121,8.158026673,8.314623617,8.147739571,8.205504897,8.202233933,8.344008641,8.223677253,8.162008237,8.199794732,8.180183086,8.208752959,8.204850681,8.127567704,8.083203709,8.151415121,8.205630996,8.206662506,8.263553168,8.197735019,8.262950218,8.196774593,8.293028044,8.232112582,8.138439368,8.233711017,8.207140118,8.140285688,8.110189249,8.088648839,8.242321714,8.120640522,8.213174153,8.213909275,8.285127721,8.215743986,8.21488144,8.284740842,8.073814307,8.199161176,8.191281549,8.118662313,8.357440114,8.216127365,8.25626313,8.16464065,8.200997454,8.18354327,8.064215893,8.159238272,8.128462022,8.222859181,8.172597017,8.190767441,8.253376421,8.236762261,8.196545494,8.225742393,8.274423844,8.160583599,8.16796357,8.697423873,8.263979039,8.240397564,8.177178926,8.225807287,8.244759474,8.169022932,7.722800841,7.764939352
85,8.548878416,8.601520168,8.490520259,8.440651858,8.471928248,8.427060318,8.427605907,8.497824289,8.510266512,8.514924575,8.512180616,8.46957557,8.490164041,8.456796336,8.375369252,8.494641816,8.467365321,8.434982458,8.462388371,8.459156596,8.625735354,8.531548301,8.491324862,8.447894772,8.530989192,8.493695223,8.456046651,8.408855563,8.511844484,8.398432083,8.417806243,8.4213028,8.501599586,8.565260084,8.502896842,8.51848612,8.562795039,8.512711476,8.513303263,8.47413012,8.546695943,8.482560107,8.425643159,8.51618798,8.727647266,8.442274117,8.506489583,8.523495615,8.438066567,8.536625601,8.45461087,8.425153794,8.405949736,8.466214268,8.445302454,8.483572027,8.608537087,8.534851096,8.465930573,8.460720377,8.534425119,8.681889118,8.467650527,8.464635449,8.535023705,8.515727543,8.451173679,8.780169718,8.34259911,8.460753575,8.50327142,7.889689373
86,8.8364569,8.927252534,8.715019727,8.769267702,8.687917661,8.674487481,8.764262966,8.809431277,8.924007085,8.776680629,8.802013151,8.802024356,8.812475406,8.770668688,8.751496994,8.745806563,9.090586981,8.788771192,8.712957528,8.651948925,8.638382197,8.769707755,8.782407465,8.795318598,8.761177767,8.642484876,8.7188918,8.656100062,8.796603162,8.695654811,8.707977714,8.715543575,8.772388134,8.713810357,8.906847658,8.800808469,8.964407313,8.754124018,8.832216501,8.708706847,8.838553569,8.754050309,8.761242491,8.843891404,9.165082376,8.774424385,8.753662779,8.842893707,8.792086236,8.807446038,8.772239955,8.713571024,8.724559404,8.732767498,8.785629452,8.80180731,8.859204127,8.796684007,8.743351823,8.748524498,8.857969247,8.784045762,8.742098204,8.768682494,8.826457086,8.755056372,8.732263613,8.627576458,8.880030105,9.23973,9.23973,9.23973
87,8.99560678,9.182379382,9.041605069,9.030342184,8.949993399,8.919034092,9.044354528,9.044812289,9.236279471,9.022270554,9.018361662,9.047630156,9.040146712,9.033947447,9.038053822,9.055766032,8.991654776,9.195702922,9.044897616,8.959291075,9.037183479,9.057089676,9.012123795,9.031854139,9.054528092,8.9954214,9.058632519,9.002099837,9.14618024,9.045235807,9.01650349,9.002860607,9.084751079,8.92907029,9.047426595,9.016667355,9.079506637,9.061825113,9.104422691,9.006217721,9.154461358,9.075957358,9.011128052,8.953542268,9.239311981,9.085439071,9.042018533,9.02893118,9.123966418,9.089674274,9.067273915,9.004124404,8.97168622,9.067335402,9.059590734,9.061812968,9.020554157,9.059558612,9.040095806,9.024492108,9.082951654,9.092919358,9.04138803,8.718350688,9.044828457,9.160722954,8.861278193,9.087174315,9.058264224,9.064435016,8.813347878,9.281918222
88,9.528978557,9.312740656,9.395314804,9.324061174,9.396613437,9.406267467,9.316875456,9.371140583,9.501047858,9.467156985,9.436647417,9.363239228,9.361662962,9.374361557,9.367887642,9.38763065,9.338035535,9.32157106,9.475596981,9.446556478,9.561543692,9.504609937,9.344183738,9.485975477,9.529207547,9.376066497,9.375066132,9.36043204,9.391552375,9.341187869,9.24761689,9.316386764,9.326767319,9.437575942,9.303727664,9.360729639,9.344192643,9.416070589,9.394633473,9.452137226,9.296841029,9.368754045,9.333248339,9.463619667,9.523697345,9.436790887,9.31079976,9.299180631,9.487184193,9.301672102,9.432584722,9.370078486,9.220220847,9.230645777,9.395318184,9.353411655,9.389894804,9.394917777,9.436414958,9.48157792,9.492873654,9.290720688,9.382798418,9.347390584,9.468331959,9.353433533,9.369114692,8.650242634,9.167412987,9.89636,9.702681887,9.89636
89,9.515763062,9.699475123,9.587673929,9.58227916,9.516831872,9.677444573,9.648159621,9.678251803,9.815893171,9.771812837,9.77582167,9.730896676,9.564018747,9.643971967,9.698563904,9.665038396,9.772419967,9.65454117,9.649956088,9.593781308,9.547091429,9.671709206,9.623794928,9.818769164,9.663509523,9.697649013,9.671127016,9.6217378,9.510739099,9.599470578,9.548450229,9.594203985,9.740001062,9.665789269,9.61242735,9.725772629,9.752968721,9.582376584,9.687492017,9.811496543,9.517120907,9.79207974,9.700471374,9.606289775,9.755168469,9.857526391,9.711149924,9.634757206,9.762669515,9.770699366,9.706165477,9.616335438,10.43317608,9.623226903,9.693098893,9.679739395,9.787622205,9.66250553,9.733230776,9.8996608,9.813974556,9.706091604,9.696704151,9.490554168,9.864521672,9.724273968,9.652549678,9.677207942,9.775100457,9.345369283,10.02617097,9.710396435
90,10.1701241,10.00124351,10.0583234,10.01323187,10.25164499,9.991291803,9.992436579,9.954634098,10.33592085,9.864958528,10.0189523,9.962809053,10.04191145,10.00199787,10.00905181,10.01586031,10.08589434,9.818861614,9.98351212,10.04781924,9.789682143,9.964119621,10.00107869,9.979834507,9.939201816,10.07808205,9.916921368,9.971196433,9.897908335,9.845757921,9.948120208,9.923914618,9.86129067,9.962803224,10.05324359,9.998164476,10.14770063,10.03074146,9.989022652,10.04392697,10.15080803,10.05162305,9.95908758,10.07085937,10.26980006,10.01949408,10.00768124,10.10719992,10.07215463,10.10928564,9.943803162,9.942235491,10.04087344,10.06165102,9.99022185,9.985081126,10.08336561,9.991956652,10.04164462,10.06285457,10.16459948,10.04988697,10.00670803,9.968355975,10.15800225,9.993765339,10.00421535,10.3396573,9.969121066,9.839665958,9.801373179,9.878000962
91,10.1043331,10.31981315,10.3202304,10.28522542,10.31140144,10.31932404,10.29445503,10.45779819,10.57742163,10.36697193,10.36134741,10.38276872,10.06973817,10.2947379,10.23177077,10.17416693,10.75511502,10.26677479,10.390503,10.44092514,10.2360694,9.997172241,10.29827148,10.3237539,10.2991324,10.46613565,10.28480556,10.2422732,10.32240382,10.20419768,10.26177521,10.24816734,10.23619168,10.32963523,10.35273561,10.16431083,10.21387523,10.31090262,10.34525797,10.28958061,10.43869488,10.33985369,10.33348417,10.39792431,10.48179801,10.4408973,10.38442081,10.37276214,10.31075322,10.43145164,10.41867395,10.32898164,10.41338574,10.34103921,10.33995925,10.33831646,10.28114123,10.33856857,10.32884036,10.28377584,10.29240296,10.39057468,10.34926911,11.89129559,10.502476,10.32739691,10.33111003,10.10030502,9.933567785,10.30730838,9.564048099,10.07534505
92,10.57262746,10.62499552,10.67037253,10.55748561,10.35402235,10.80400042,10.64182225,10.66684083,11.03747534,10.62864415,10.70051229,10.64522387,10.65719418,10.66665635,10.64175638,10.65877274,10.81294564,10.5747557,10.65820129,10.45998635,10.60728777,10.68969355,10.55333629,10.8252596,10.68658185,10.65677062,10.5808135,10.62230348,10.55777229,10.53221633,10.57127949,10.59697633,10.59487888,10.61636044,10.66642199,10.63600144,10.66124505,10.7032954,10.65101673,10.75652763,10.73459198,10.87221309,10.7028414,10.67461766,10.78797789,10.62121182,10.63672375,10.80876898,10.67284384,10.58596491,10.65075081,10.67327429,10.67935022,10.7017549,10.61645091,10.66022935,10.67617303,10.59830467,10.77081132,10.68972283,10.89289196,10.8631458,10.5890955,10.1455401,10.78788416,10.69276134,10.65952462,10.71737748,10.9971897,10.64830416,9.888697653,10.4384459
93,11.00063656,10.93841814,11.03262743,10.9999536,11.1650722,10.94858615,10.97462732,10.97513686,11.14510098,11.22734509,11.0499634,10.75334707,11.0649728,10.99052069,11.11660778,10.9614613,10.79932813,11.13780839,11.04620987,10.86821767,11.47533554,11.0705761,10.92711332,11.03270546,10.83571599,11.02731318,10.87878713,10.89176571,11.00057542,10.87092215,10.8563226,10.93739777,10.94063432,10.97844522,10.88330154,11.02278803,10.94448016,10.90304268,10.97793922,11.07701167,11.087959,11.11277639,11.109816,11.04977099,11.37622911,11.02359689,11.03412331,11.05927833,11.09870467,10.97919258,10.99500553,10.92173783,10.89220622,11.08631946,11.00527162,11.03151596,10.99494349,11.00882816,11.07798162,11.3624387,11.10205261,11.04499973,10.97030493,10.96893834,11.20285536,11.04819263,10.96339518,11.28048613,11.18869983,10.97437463,11.50001278,11.1989216
94,11.37530767,11.49129479,11.35040612,11.27775652,11.38200807,11.27791221,11.33323342,11.44272972,11.49778111,11.38856173,11.40658587,11.35302245,11.39754857,11.3429712,11.32635503,11.29662313,11.6064825,11.25401937,11.46010098,11.23094866,11.20372775,11.32069889,11.40112816,11.37127791,11.07764944,11.36463808,11.28192659,11.39836012,11.37205134,11.31971333,11.13845334,11.24729299,11.72571655,11.51030226,11.35660259,11.43258509,11.44958281,11.17080714,11.31206174,11.39000864,11.22244874,11.42998797,11.40142264,11.50115852,11.502783,11.43552205,11.37648356,11.39493209,11.50551089,11.37486439,11.34135313,11.27736034,11.38783864,11.35268384,11.34120886,11.32991017,11.55538128,11.37931775,11.36028834,11.40937761,11.54448505,11.37704797,11.26108809,11.41841922,11.56720541,11.38277466,11.34374626,11.3842459,11.44012739,11.23151059,10.326,
95,11.66272744,11.64554955,11.67447324,11.63370338,11.5815038,11.45572337,11.6278555,11.68906357,11.84274116,11.58419992,11.73643176,11.63673094,11.79598673,11.57048053,11.67951304,11.68019328,11.77098892,11.55574361,11.75818897,11.71963269,11.77161076,11.5286028,11.56054113,11.74316139,11.59601581,11.64407644,11.6548816,11.71664189,11.80363026,11.5914643,11.55143635,11.64615504,11.62370911,11.62309863,11.56332896,11.51108026,11.62779851,11.66782873,11.69069872,11.68219987,11.65392315,11.66754575,11.71357916,11.73632824,11.77849766,11.81461694,11.76606616,11.76107079,11.70607807,11.65322149,11.66897566,11.66698196,11.72784134,11.69429969,11.68043242,11.68350292,11.65270855,11.69963507,11.66991225,11.71896308,11.6829961,11.70744899,11.58085878,11.77906832,11.75140436,11.68233207,11.72714276,14.65106808,11.79033741,11.49243967,12.43779,12.43779
96,12.13607142,11.90661517,12.05096385,11.95256006,12.15091811,11.90741082,12.02477501,12.32200946,12.32127768,11.98703187,12.10066039,11.95252854,12.14008529,12.14929449,12.03304505,12.06319733,12.07924641,11.99864148,12.06927786,11.83600704,11.85673252,12.25253701,12.07466491,12.13745372,12.10260306,12.05824597,12.26486367,12.12720773,12.20522428,12.17427404,11.93433598,12.00232169,12.07356485,12.02914383,11.97880394,12.06701474,12.02638695,12.21927974,12.06118071,12.10914352,12.20922106,12.00013479,12.20835829,12.03458102,12.18223463,12.1378607,12.1011802,12.11307946,12.09756668,12.15076432,12.1923449,12.04899358,12.29209017,12.23069554,11.9999013,12.06321265,12.1326925,12.21275657,12.15249405,12.06565615,12.26869373,12.09033239,12.09839418,11.89637142,12.23846531,12.03772243,12.0971471,10.60914947,12.14890595,12.04992489,12.83287,12.27229693
97,12.55385649,12.46303712,12.40523151,12.39954764,12.31562865,12.53071793,12.48693775,12.63754386,12.57518074,12.58304612,12.40930734,12.68338572,12.50369132,12.39539879,12.44385651,12.57451717,12.65761027,12.65753334,12.45593099,12.28810299,13.64912712,12.53891,12.33706765,12.32268448,12.9454226,12.31111952,12.42036383,12.3805676,12.26689293,12.36962487,12.37538873,12.37318214,12.42919451,12.31509732,12.46016804,12.40699107,12.41184978,12.28433233,12.45479964,12.42442512,12.37229939,12.55774451,12.4452208,12.51908768,12.60305749,12.78516624,12.47538237,12.67269371,12.57825643,12.61198155,12.48010138,12.42335556,12.6247736,12.41236858,12.43210835,12.46390366,12.621347,12.58450968,12.43732379,12.60940885,12.59767286,12.49749195,12.49517619,12.3908302,12.70097992,12.46022858,12.44823059,11.41348351,12.49169534,12.38534538,11.28,
98,13.16842248,12.8164462,12.77950564,12.95630688,12.73413349,12.74178314,12.82538739,12.8117936,12.93647128,12.7861857,12.87761386,12.76241925,12.97617343,12.82864246,12.83187051,12.8163051,12.8806841,12.60846704,12.82070896,12.96149518,13.70489593,12.7348754,12.79743174,12.84354035,12.74926986,12.69256939,12.90006291,12.74854882,12.78914356,12.73304044,12.79476774,12.71642621,13.10838671,12.72179741,12.80767142,12.86497265,12.94724805,12.68626749,12.81274488,13.00041986,13.21376488,12.88397902,12.83053158,12.95006233,12.72351933,12.77607152,12.82509913,12.90648916,13.00488169,12.90724891,12.7615639,12.77118633,12.91137867,12.83902804,12.76642182,12.81309808,13.15873974,12.88121312,12.93751675,12.86022495,12.98265322,12.86754566,12.8156375,12.84148363,13.17009518,12.79494537,12.83964188,14.52894068,12.83496806,12.73182675,11.80300162,12.75610063
99,13.33744548,13.03416979,13.14625285,13.11254549,13.28220664,13.13881937,13.0272813,13.21272602,13.20214892,12.80688002,13.04617981,13.17163693,13.05097452,13.18728287,13.18276981,13.1748863,13.0779934,13.14680741,13.21826764,13.09803989,13.10659732,13.08500844,13.02529019,12.91703552,13.16146954,13.15614634,13.09160347,13.01080727,13.16597564,13.10819754,13.12762143,13.15849576,13.90908741,13.29126008,13.09519503,12.94369795,13.13127889,13.1387548,13.1602257,13.17742154,13.28060067,13.09359754,13.16348581,13.17744572,13.42893276,13.29250273,13.24251765,13.29581886,13.22840581,13.56391713,13.13700569,13.19403111,13.0952847,13.22768548,13.18995596,13.16186578,13.30286284,13.18675901,13.11510802,13.03885557,13.28218962,13.19718362,13.22306248,13.96440143,13.60693561,13.19564203,13.26185739,13.17091034,13.34153134,13.07366625,14.06801,13.61192855
100,14.03226226,13.41517016,13.62728057,13.50188472,13.59350951,13.52398474,13.56211798,13.53898337,13.9765801,14.1479536,13.63662859,13.56569569,14.19303228,13.57104754,13.57487345,13.54145408,13.55030117,13.54462417,13.58805561,14.28929317,13.61978076,13.31737542,13.42462243,14.23931703,13.95389565,13.5595757,13.54125131,13.41757917,13.56133629,13.55657803,13.52519304,13.51295015,13.58758845,13.41658935,13.57384401,13.62393023,13.6725979,13.58293695,13.6204958,13.57320663,13.53658469,13.52433801,13.54759558,13.6324086,13.72516618,13.50199555,13.64723295,13.60981723,13.86578561,13.54669062,13.54883834,13.52900494,13.55863472,13.60252044,13.58692925,13.7172283,13.66535194,13.52839427,13.58245483,13.78875401,13.66081453,13.76697452,13.60928047,13.46992959,13.4734621,13.53410653,13.55928783,13.40849081,13.77241519,13.51948687,13.22642972,13.22642972
101,13.66184996,13.76231737,13.92617532,14.03094689,13.96565454,13.75546424,14.08125915,13.94520006,14.09570018,13.95771254,13.94084705,13.47125685,14.10667292,13.70477263,13.9944002,13.87611102,13.88880284,13.91984422,14.25458573,14.11798472,13.99176926,13.92777513,14.03895228,14.02285884,13.57980873,13.91715651,13.90564337,14.14931706,13.60144616,13.67559895,13.91276799,13.79476686,14.17285196,13.73039674,13.92748166,14.17345955,13.93100587,14.09983463,13.91163341,13.97163962,14.26026151,13.90463729,14.10778207,14.0705664,15.31908383,14.06428615,14.15035717,14.17620706,14.15852789,14.18586501,13.99060274,14.06080587,13.88395478,14.28762957,14.1330918,14.20167944,14.03336349,14.00136534,14.09660856,13.86033961,14.25629436,14.12875585,13.92878968,13.99331944,14.10350229,13.8908148,13.97538361,14.78794068,13.9475581,13.95101129,14.94534141,13.77540027
102,13.96756338,14.11667211,14.0805603,14.16137381,14.05305951,14.32103896,14.03001103,14.39407282,14.71876775,14.29706996,14.17456633,14.24530924,14.17746687,14.37566427,14.5040438,14.28206118,14.61943008,14.28433383,14.4556137,14.17301028,14.13357773,14.24610764,14.33568238,14.30006179,14.39464975,14.00701954,14.18866241,14.38253461,14.34551697,14.21483272,14.25042324,14.25644167,14.25637536,14.45228178,14.10468186,14.22164742,14.07296226,14.33674551,14.43699188,14.30954934,14.97690216,14.32669942,14.29360889,14.26178153,14.37958711,14.4203138,14.43383249,14.47128356,14.35985342,14.35415097,14.32082158,14.32963012,14.35737578,14.29478804,14.33171648,14.3910221,14.2776631,14.36623024,14.32642291,14.22951738,14.64747474,14.34258016,14.35329272,14.29639371,14.37431822,14.2576249,14.27623505,14.244856,14.20024225,14.22784281,13.98605117,13.98605117
103,14.99906163,14.49563373,14.74834869,14.74166066,14.59249054,14.8233041,14.80875195,14.95225302,15.57180522,15.40713605,14.75626246,14.77488571,14.87534242,15.22549314,14.90732915,14.8436862,14.51862713,14.7046709,15.08822145,15.16757819,14.82381209,15.05259872,14.74321535,14.82746147,14.98065249,14.52576133,14.62230484,14.53761382,15.04288826,15.06310529,14.58368655,14.68273883,14.56615488,14.73417102,14.91937179,14.67526403,14.7331102,14.67736709,14.7645096,14.72439998,14.98583981,15.59627361,14.68075741,14.85913521,14.9300834,14.91447152,14.94013199,14.88564352,15.08285347,14.95162748,14.77890321,14.77778925,14.70806846,14.78135586,14.89209336,14.87169415,14.9221686,14.79474574,14.89730349,14.81891248,15.32277582,14.73860955,14.72396518,14.70150528,15.51057993,15.0405818,14.68720086,14.93844832,14.73342941,14.74186,,
104,15.153105,14.98669993,15.31523831,15.13074538,14.95663805,15.04486123,15.23529776,15.18617328,15.58554116,15.33027602,15.81290753,15.08791363,15.20626676,15.24224405,15.01060165,15.68746903,15.22252135,15.17117614,15.59086617,15.13652449,15.36269425,15.31913843,15.15361162,15.28691377,16.09316104,14.83441321,15.30342228,15.33114628,14.99436953,15.10542807,15.05685526,14.87653423,15.02425825,15.24090045,15.29441211,15.03864099,15.76684261,15.45400142,15.30168284,15.5819034,15.15010784,15.07891345,15.07108488,15.43238725,15.15543475,15.23459346,15.16954521,15.54266289,15.20050781,15.22788272,15.26825964,15.16059438,15.38085248,15.29611821,15.20661593,15.32472538,15.43345833,15.11670212,15.26343514,15.33016538,15.43328303,15.24642718,15.30010838,15.1904347,16.01851425,15.12118686,15.37339963,15.41146264,16.82807252,16.29799,13.91020364,14.99230195
105,14.757,16.0054056,15.69304619,15.60015565,15.65863469,15.71601185,15.66038523,16.12011529,16.04338901,15.4753916,15.67352574,15.60078439,15.7566798,15.54877781,15.74913938,15.54813387,16.03889901,15.501671,15.81909956,15.63745769,15.57955738,15.5020883,15.6454136,15.64318418,15.42004936,15.73035814,15.56242256,16.07758541,15.92704127,15.5037848,15.54260669,15.47600158,15.96815164,15.61484339,15.61461016,15.52864008,15.58863448,15.57988389,15.78866541,15.53216523,15.58089585,15.60927373,15.7141212,15.71929512,15.86549119,15.6104314,15.81756879,15.82857369,15.51470067,15.57699339,15.80148833,15.59539282,15.55731022,15.63099141,15.61184918,15.56795685,15.70196184,15.66396896,15.55430543,15.68607097,15.94220637,15.55866577,15.74957307,15.40592644,15.85274045,15.61139941,15.64699935,15.52791795,15.67360093,,,
106,15.32075676,16.13059505,16.5727801,16.12225707,15.32486716,15.95813517,15.91178948,16.14362915,16.39778862,16.22188824,15.97710655,15.93906404,16.50212475,17.24189653,16.05933602,16.01241047,16.1453728,16.02285419,16.36380482,16.08245825,16.60061891,17.66034,15.87131421,16.43385237,16.0119912,16.34503886,15.73005899,15.99287066,15.44107704,15.95980471,16.1837091,15.94718391,16.21519369,15.7162198,16.09029373,15.70243629,16.04528079,15.9154742,15.58964244,15.92627813,15.68824221,15.84669307,16.11565346,16.37822326,16.150464,15.82019102,16.15837856,15.90745394,15.75907928,16.33066507,15.91929481,15.90434342,15.93497932,15.95131958,16.02777193,16.06810177,15.95027591,16.05732555,16.0496339,16.07095305,15.91273592,15.94374345,16.04006472,15.79963542,16.30733675,15.97253082,15.78960553,18.76218719,16.01771,16.01771,,
107,16.30163739,15.85276027,16.94276577,16.59999626,15.95717336,16.18010994,17.46810477,16.55538346,18.2517415,17.1092507,16.80616839,16.74719721,16.09728815,17.13950774,17.14268418,16.46561765,17.09095715,16.09238984,16.52994404,17.03583312,16.75883911,16.49187024,16.50430863,16.96292685,16.33869364,16.50040993,16.67220411,17.10055175,15.566,16.09760092,16.63687997,16.28808555,16.84309903,16.3806539,16.58435012,16.50100989,16.18038534,16.34019009,16.65538342,16.3682283,16.3027038,16.57740818,16.12917178,16.35863822,16.75651442,16.4141825,16.74298356,16.46227018,16.53901981,16.29358507,16.52663632,16.61034168,16.70340166,16.44891293,16.46740574,16.34851389,16.50310013,16.63018162,16.46045963,16.12418439,16.56915136,16.39601199,16.26423738,16.61863593,17.58276858,16.62152129,16.44707135,18.50797451,16.66477392,16.4672758,17.74256,16.50791433
108,17.13422105,16.77907279,17.01236321,16.23599372,17.09085409,16.76077279,17.05342647,17.78086325,17.12909417,17.12491812,17.02276606,17.00464913,16.9014838,17.17674268,17.18875432,17.00688185,19.05122,17.86998384,16.88362041,16.898584,16.81022272,16.93339392,16.99958368,17.23283312,16.83961093,17.03012615,16.36953981,16.87524632,17.30807899,16.61775837,16.70753537,16.86988368,18.16518715,16.87738872,16.97647329,16.70938528,16.75925019,16.7188696,16.94222414,16.69962282,16.73783948,16.78932914,16.78378369,17.32729947,17.39883794,16.95008771,16.91939786,17.04721927,16.76686521,17.10533137,16.91139007,17.1318091,16.83391745,16.93931853,16.95299827,17.05635147,16.85835717,16.94945103,17.20276327,16.16577951,16.93862576,17.41395989,17.136304,16.82607034,17.18316931,16.67688631,17.00204715,17.30873957,16.94143082,16.41355392,18.24236,18.24236
109,19.02509119,17.3427164,17.50796525,16.88345249,16.61881949,17.34854768,17.62672459,17.31964223,19.58533,17.54301757,17.61665101,17.61283778,17.42660281,17.36539499,18.78565,17.46116695,17.80636536,17.42064836,18.47197884,17.8842982,16.87626198,,18.2240135,17.70727952,16.56497874,17.31648733,16.64595413,18.59381308,17.421739,17.26601628,17.73610369,17.64311983,17.96232529,16.75241331,17.54903679,17.37510208,17.26494195,17.22721221,17.63494842,16.83613917,16.68118071,17.09524592,17.15554058,17.27783478,17.78758184,17.27327688,17.81847829,17.11385246,17.39209839,17.62763766,17.32705491,17.3892041,17.46173454,17.93564528,17.80898231,17.4556167,17.89052496,17.45139967,17.40948055,17.38939004,18.09606296,17.43752057,17.39852528,17.79992864,17.26776352,17.32216054,17.23965511,17.14517724,17.48420309,18.75143,18.75143,18.75143
110,17.76665775,17.48793509,17.92263858,17.76446213,17.22562535,17.69474907,18.97488126,17.98317606,18.33366311,17.68584067,18.23411162,17.83218532,16.832,17.98268345,17.86507814,17.81976821,17.66760381,17.71987721,17.92735374,17.5943607,18.28702175,17.20527193,17.71781677,17.7116743,18.01399244,17.3618563,17.78161142,17.31838751,17.76275666,17.72015186,18.02385047,17.80181188,17.93956302,17.840848,17.93633533,17.85355899,17.80287494,17.87952167,17.46810999,17.79234343,17.60862036,17.78168929,17.73972603,17.40531969,17.78857351,17.7567711,17.84515045,17.86905527,17.855585,17.74872247,17.86993099,17.80941741,17.93294564,17.84474647,17.97160164,17.80838399,17.96649279,17.77797867,17.48438293,17.58918538,17.28525845,17.83489563,17.72422349,17.48594918,17.86750315,17.64477383,17.50689513,17.09586577,17.64916397,,,
111,17.81822701,18.04602055,18.75618212,18.23418292,17.78952731,18.22297379,18.69974457,18.76424108,20.68333,20.27919,18.38000935,18.75616571,18.44845632,20.27919,19.30108837,17.9276319,20.68333,18.33038793,18.26087075,18.86092499,20.68333,20.27919,18.19305982,18.47376404,18.30088,17.98610411,18.07838695,17.268,18.29573857,18.03875722,18.32023504,18.3964517,19.32514775,18.19133897,18.21522631,18.27994388,18.53419647,18.19891053,18.25692429,17.75225096,18.04361149,18.66773522,18.65868623,18.26274312,17.85004195,17.51943774,18.35975327,18.37080858,18.34380246,18.94346412,18.58304967,18.23837584,19.96337956,18.26943509,18.4013619,18.90582629,18.73705974,18.28201723,18.18865226,19.09253181,18.34885406,18.64894736,18.40709845,18.36960374,18.59869215,18.15900115,17.93358997,18.16291548,18.10271687,,,
112,18.52383628,17.712,17.712,18.49483916,21.24739,19.09793083,18.02226086,17.712,19.53342264,19.27715674,18.86676614,18.76623796,20.65111453,19.44344783,18.44086314,19.25722037,21.24739,18.6560391,19.65350511,18.96181098,18.16582346,18.70712733,19.35048119,18.15954963,19.09355171,18.28155343,18.78797865,18.63948426,18.36780894,18.35505919,18.74624371,18.86631472,18.98864068,18.94753234,18.86097328,18.92095468,19.07242585,19.66998067,18.83116445,18.48745048,17.64859217,18.49240176,18.75553709,17.63314836,20.3144152,18.71158902,18.72206966,19.73539826,18.87549737,18.84757226,18.84744603,18.67237646,18.71639559,18.97597943,19.19341858,18.98410212,19.088204,18.76045546,18.64762819,19.03044167,19.30498155,18.66009119,17.87574628,18.34033077,19.03303683,18.50527613,18.26656102,18.74180418,20.33516,20.33516,17.14217112,19.03317494
113,19.53273553,19.19622583,19.78813567,20.87547,,,19.19140267,19.42266245,,19.27053,19.40403297,20.56244107,21.82161,20.28717922,19.49686746,19.64861449,19.12750752,19.59916031,20.60386489,18.97409078,18.163,19.19840283,19.10142427,20.87547,,19.0573924,19.1621824,20.1800396,18.163,18.72995094,18.69734527,19.21743055,19.42723438,21.39523,19.27053,18.26456235,19.51971441,19.48198087,18.9707948,18.5915073,18.37009823,18.58045831,18.42961592,18.79161336,18.163,19.42781456,19.24707355,19.50473709,19.56843074,20.31811224,19.64454212,19.7636426,20.29115965,21.18463134,20.02192543,20.44542926,19.16468855,19.20559957,19.23599132,18.91550613,19.25897643,19.49317688,19.25439085,18.9806585,19.41888382,19.58257107,19.29619885,19.29784523,,,,
114,19.43734102,18.621,19.30535413,18.621,18.621,18.621,19.82580323,21.12201516,18.621,21.96828,19.40753544,19.76771,20.60893907,20.55315045,19.76771,,18.94055096,19.96543885,20.94035713,,19.76771,20.13090462,,20.10862059,19.1387826,19.11268434,19.00764836,20.33554503,20.03167723,18.71274082,19.53492803,19.00689282,18.622,18.621,19.76771,19.91511925,19.81585362,19.69230818,19.71809777,18.67125345,18.8872888,19.7482901,20.20704838,18.8235054,18.621,19.57198132,19.05283514,19.31252397,19.67236101,19.60193936,19.36428388,19.43506396,22.00453933,19.68543068,19.91620348,19.47625299,17.764,19.75634233,19.6296385,19.55528712,19.42616084,19.10498201,19.65679727,19.16752345,20.28498458,19.69217022,19.76542733,19.94069626,19.76771,,,
115,20.104895,19.38882956,20.35177886,20.05075051,23.00091,20.86697955,19.37838243,20.06402749,,,21.18281964,20.27319,19.42367499,20.22542272,20.09782506,20.34807242,19.77395812,20.31362665,20.38378459,19.77375017,20.18926405,20.54414729,21.15896527,21.00605597,20.27319,20.17956415,20.68545959,20.1744501,21.99937133,19.31796616,20.2455863,19.94070382,21.09148167,20.478556,20.2838197,20.27319,20.14791921,20.09668421,20.24364827,19.73012087,19.8165335,20.22783398,19.99442984,20.19326531,19.76071861,21.01254377,20.36851336,20.48110358,20.94869906,20.5161014,19.95933482,20.27319,20.46624692,20.24391849,20.70843664,21.42399924,20.16373554,19.69635808,20.45752089,19.80618019,20.25720743,20.71893008,20.17029128,19.37163222,20.83099143,20.23576805,21.36740267,20.32560561,22.00543,22.00543,22.04384581,22.00543
116,20.82544949,,20.78706,20.9774218,20.68860039,21.98740731,22.6423,22.58265,,,22.6423,22.58265,23.60617,23.14491,21.55670398,20.78706,23.60617,20.91105198,22.6423,22.58265,23.60617,20.97901643,20.78706,20.78706,20.68282178,20.73796786,20.93164677,20.3524224,20.86206222,19.56,21.37394721,20.86134186,19.59746475,23.14491,20.39756698,20.89524511,20.56304962,19.68602488,20.26789947,21.55126426,21.56524973,20.49950087,20.52176764,19.561,22.072221,19.6669407,21.46314422,21.58095206,21.39918051,20.401383,20.90377139,20.78706,20.95119555,21.34387861,21.11789907,20.59035131,21.32198875,22.37804922,20.80774896,19.78857874,20.78706,20.86085787,20.68729355,20.79430456,20.12082098,20.49968594,18.655,18.655,,,,
117,21.01086414,21.81713576,21.30938,,20.041,21.0656394,22.35371658,20.041,,,21.38489569,20.041,20.041,23.74866,23.23294,21.30938,21.30938,,21.30938,23.17173,21.28173657,,21.84047503,,,20.041,21.20493291,22.03374081,20.54757581,21.24020038,20.0498066,20.041,20.041,23.74866,21.30938,,20.22815733,21.21432257,20.05991662,20.041,21.01894945,20.041,20.04952452,20.041,20.27052577,20.10388756,21.15140066,20.041,21.15001615,20.77066365,20.50906283,20.041,20.7466384,20.98963571,21.21931541,20.041,21.30938,19.111,20.99937121,19.111,23.63790313,20.76455523,20.7367408,21.21997126,19.111,20.74696566,22.25159164,19.11108228,21.30938,,,
118,21.80935754,22.18811298,22.61172038,23.77097,21.79783711,21.84021,22.41387422,20.53,24.84835,22.75479994,22.40345484,23.77097,24.84835,23.02739886,22.9493179,21.84021,21.93044088,24.36282,21.89710871,21.94605747,,21.84021,21.84323383,23.77097,,22.09327467,21.6397642,20.9620365,,,21.71838199,20.53,20.53,24.36282,23.83376,22.00153369,,20.63335523,22.67246406,21.53088528,20.53,20.89631521,22.86613551,20.53,20.53,21.46027918,21.84021,23.76257406,21.69481701,23.08267727,21.84021,21.69788217,24.84835,21.02390183,21.56786544,21.9292022,24.65414255,21.80227067,19.575,21.46784937,21.72581387,21.71893386,21.6716817,21.58496179,21.82420824,22.17345687,20.70181086,21.14106223,19.575,,,
119,22.6005179,22.47372451,24.44486,24.38046,23.31895388,22.37961,22.53741323,,,,,24.34664374,25.48545,24.98748,23.34990342,24.38046,25.48545,22.45736536,,,,22.37961,22.37961,,21.026,22.3388852,21.026,21.026,23.15185465,22.44877645,22.22938603,22.06154998,25.48545,22.52902604,23.38578748,24.38046,24.72003372,22.53381545,22.63794384,23.81013884,21.20107644,21.43459783,23.41952039,21.026,22.82278943,21.60155721,21.84429978,22.72391219,,22.52202423,22.04418733,21.67838075,21.87707662,21.78467988,21.92809809,22.55608978,22.93777768,21.53093805,22.29929094,22.34673689,21.22648874,23.24356236,20.045,21.8736262,20.045,21.09971492,22.10657151,20.045,20.045,,,
120,23.2897657,24.45313007,22.92765,,25.66071266,25.25108028,24.7528754,,26.13336,23.00557412,22.92765,22.9046459,21.529,24.26453716,21.529,,22.92765,22.50718122,22.89470734,22.68800674,21.529,22.92765,22.92765,,21.529,22.92765,22.85439135,25.00027,23.34402005,22.68205284,22.84162724,22.90737586,21.529,22.92765,22.92765,22.92765,22.92765,22.45216876,22.76700152,22.28434213,23.19558898,22.92590191,22.97350128,22.86972356,24.30584305,22.74265294,24.24622036,23.06942877,24.63444996,22.66940251,22.39208135,22.92765,22.92765,21.529,22.92765,22.93751994,22.89123682,23.0514484,22.93941642,22.31240113,22.92765,22.99602502,22.85839937,23.08474373,22.86256184,22.90777983,22.22994579,20.5295971,21.16275077,24.98774,24.98774,24.98774
121,22.71372333,22.68481423,22.041,,23.4844,23.4844,25.6982,,,23.86955185,23.01767824,,,,,,,23.48413967,,,,26.26865,23.4844,,,22.11171902,22.041,23.4844,25.18273434,23.24431119,23.4844,23.4844,26.79215,,,,23.4844,23.91390193,,22.041,23.4844,22.041,24.72637623,22.041,25.02181086,24.81086028,22.041,22.041,22.041,23.41073513,23.19703601,22.041,22.041,23.4844,23.44452668,22.09862114,23.60639227,21.008,21.008,21.008,21.99360215,21.008,25.41566327,21.008,21.008,21.008,21.008,23.43182619,,,,22.0731
122,24.04992,24.50844498,24.04992,23.80400091,27.46192,24.04992,24.84569439,24.04992,,,22.56,26.27123,22.56,22.56,22.56,24.04992,,23.17273798,24.0247229,,,26.92533,,24.04992,,22.56,24.22963575,,24.04992,,,,27.41115828,,,,,22.56,24.04437136,,22.56,22.77790069,23.27667,,22.56,22.68961696,23.74185088,23.30934353,24.83359682,23.96559885,22.87880433,,23.89410505,24.65364431,26.34063,22.64842945,24.01485152,21.5,21.5,21.5,21.5,23.82541008,24.04992,21.5,,26.4426621,21.5,21.5,,,,
123,23.92749013,24.13713789,,24.62427,23.087,,26.99367,26.06628372,28.14277,,24.81596704,26.92256,,,23.087,,,,,,23.71237436,,24.62427,23.71237436,28.14277,,24.36822065,,26.35118677,23.087,24.4719413,24.62427,,23.71237436,26.99367,,24.45692143,25.38199658,26.99367,,23.087,24.60458313,23.087,25.68239206,24.62427,24.42090983,,24.51141349,24.62427,23.087,24.05454202,23.087,23.087,24.32914784,23.7204564,23.087,24.45149184,24.92531786,24.36226033,22,,24.92345171,22,24.62427,24.30572884,,21.999,,,,,
124,25.20752,,24.3585624,,,23.622,27.65742,25.20752,,,27.65742,,,26.33457601,23.622,,28.83477,,,,,28.27136,,,,23.622,,23.622,25.05961681,23.622,,,,,,,,28.27136,23.622,23.622,,28.27136,23.622,,,25.46270419,25.731661,,23.622,23.623,26.44451856,25.20752,,23.67607953,25.20752,23.622,22.507,25.06664599,22.507,22.507,,,22.507,24.92510328,22.507,25.32472053,22.507,,28.83477,,,
125,,,,25.79973,,,25.5209845,25.77307871,,24.165,24.165,24.165,24.165,,24.165,24.165,,,,,,25.79973,,,,24.81583342,25.44229532,,25.79973,25.79973,25.79973,,,,25.26750466,25.79973,24.165,,25.79973,,24.165,25.79973,26.12142992,,,25.79973,24.165,,24.51781095,25.45207439,,24.165,24.165,25.84569781,,24.165,23.021,23.021,23.021,,,25.77307984,23.021,,25.44330157,25.79973,23.021,,,,,
126,27.00081209,25.89298981,26.40097,28.94094,,,,,30.25263,,,28.94094,30.25263,,,,,26.40097,,26.40097,,,,26.40097,,25.73768188,,,24.716,24.716,,25.3797632,24.716,,,,,29.66151,29.01738,24.716,,25.07791467,24.716,28.94094,26.69422978,26.39917217,27.22702591,,26.29543285,24.716,,,24.716,24.716,,26.40097,26.38936062,,26.1311211,23.544,23.544,23.544,26.40097,28.94094,,23.544,,,,26.40097,,
127,,,29.71377,,30.97866,,29.71377,,,30.37335,29.71377,25.276,,,,,,,,,,,,,,30.37335,,29.63549,,,,,,,,,,27.01131,25.276,,,26.66245157,25.276,25.276,30.97866,,25.276,27.93158048,25.276,26.61595772,,26.25167914,27.1829815,27.03627437,,25.94754534,24.073,24.073,,24.22118198,,,,24.073,24.073,,29.71377,24.073,,,,27.01131
128,27.6308,25.843,28.47061809,,,,30.42121,,,,,,31.71622,,30.42121,,,,,,,31.0965,,27.6308,,25.843,27.6308,,25.843,25.843,25.843,27.19958538,,,,,,26.53229045,,,,27.38505126,30.42121,25.843,25.843,26.53229045,,,25.843,26.53229045,26.45132094,27.6308,25.843,25.843,27.06110319,25.843,24.611,,24.611,24.611,,24.611,,,,27.54005969,,,,,,
129,28.25951,,,,,,,,,,,,,,31.1398,,,,,,,31.83103,,,,,28.25951,,,31.83103,31.1398,,26.418,,31.1398,,26.418,,,,,26.418,,,,27.12099456,29.09503231,26.418,26.418,26.418,,26.418,,,26.418,27.30820137,25.156,,25.156,,,,,,,25.156,27.9594508,,,,,
130,31.37059096,28.8975,31.86961,,,,,,,27.002,,28.8975,27.002,,28.8975,,,,27.002,,,28.8975,,,27.002,,27.002,,,28.8975,28.11315801,28.8975,,,,28.8975,,29.13245871,,,28.8975,,,,,32.57704,28.07589126,,,28.58411266,28.42051941,27.02619378,28.59473651,27.002,28.8075944,,,,,,25.709,,,28.84950592,28.88992786,28.83322456,28.8975,,,,,
131,,29.54484,32.61073,,,,32.61073,,33.99894,33.33462,,,,33.33462,,,,29.54484,,,,,,29.54484,,,,,27.594,30.31054221,,29.54484,,33.33462,,,,,,,,,32.61073,,,,27.594,,27.594,27.594,29.78593449,,,,29.30740909,27.594,26.269,26.269,,26.269,29.19654409,,,,26.269,,,26.269,,,,
132,,,,,,,,33.27536,,,,33.27536,,,,,,,,,,,,,,28.2295293,,,,,,,,,,,,,33.36326,,,,,,30.2016,30.1278983,,28.194,,34.10385,28.194,28.194,30.2016,28.93750707,33.36326,28.194,,,,,26.838,,,30.2016,26.838,,,,,,,
133,,,,,,,,,,,30.86783,,,,,,,,,30.86783,,30.86783,,,,,,,,,,,,,,,,,,,30.86783,29.55998818,34.12727,,,,,,,,,,,,,,,,,27.414,,27.414,30.72348494,,30.86783,,,,,,,
134,,,,,,,,,,,,,,,,,,,,,,,,,,,,,,30.12397602,,29.42,,,,,,,,,,,,34.81091,,,31.54361,29.42,,,,,29.42,29.42,,,27.998,,,,,,,,,,,,,,,
135,,30.046,32.22898,,,,35.69011,,,32.22898,,,,,,,,,,,,,,30.046,,,,,30.046,30.046,,,,,,32.22898,,,,,,,30.046,,,,,,30.046,32.22898,,,32.22898,,,30.046,,28.591,,28.591,,32.22898,32.22898,,,28.591,28.591,,,,,
136,,37.2991,36.48912,,,,36.48912,,,,36.48912,32.92403,,,,,,,32.92403,,,,,,,,,,,,,32.92403,,,,,,,,,,,,,,,,,30.68,,30.68,32.92403,30.68,,,30.68,,29.191,32.92403,,,,,,,,,,,,,
137,,,,,,,,,,,,,,,,,,38.12793,,,,,33.62881,,,,,,,,,,31.323,,,,,,,,,,31.323,,,,31.323,,,31.323,,,31.323,,,33.62881,,,,,,29.799,,,,,,,,,,
138,,,,,,,38.12272,34.34338,,,,,,,,,,,,,,,,,31.975,,,,,,34.34338,,,,,,,,,,,,38.12272,,,,,,,,31.975,31.975,,,,,,,,,,,,,,,,30.416,,,,
139,40.61588,,,,,,,,,,,,,,,,,,,,,,,,,,,,,,,,,,,,,,,,,,33.94033,,,32.635,,38.85486,,,,,,,,,,31.041,,,,,,,,,31.041,,,,,
140,35.80218,,,,,,,,,,33.304,35.80218,,33.304,,,,,39.80437,,,,,,,,,,,,,,,,,,,,,,,,,,,35.80218,,,,33.304,,,,,,,,,,,,31.674,,,,,,,,,,
141,,,,,,,,,42.39443,,,,,,,,,,,,,,,,,,,,,,,,,,,,,,,,,,,,,,,,,,,,,,33.982,,,,,,,,,,,,,,,,,
142,,,,,,,41.53476,,,,,,,,,,,,,,,,,,,,,,,,,,,,,,,,,,,,,,,,,,,,,,,34.668,,,,32.964,,,,32.964,,,,,,,,,,
143,,,,,,,,,,,,,,,,,,,,,,,,,,,,,,,,,,,,,,,,,,,,,,35.364,,,,,,,,,,,,,,,,,,,,,,,,,,
144,,,,,,,43.31458,,,,,38.84011,,,,,,,,,,,,,,,,,,,,,,,,,,,,,,,,,,,,,,,,,,,,,,,,,,,,,,,,38.84011,,,,
145,,,,,,,,,,,,,,36.782,,,,,,,,,,,,,,,,,,,,,,,,,,,,,,,,,,,,,,,,,,,,,,,,,,,,,,,,,,
146,,,,,,,,,,,,,,,,,,,,,,,,,,,,,,,,,,,,,,,,,,,,,,,,,,,,,,,,,,,,,,,,,,,,,,,,
147,,,,,,,,,,,,,,,,,,,,,,,,,,,,,,,,,,,,,,,,,,,,,,,,,,,,,,,,,,,,,,,,,,,,,,,,
148,,,,,,,,,,,,,,,,,,,,,,,,,,,,,,,,,,,,,,,,,,,,,,,,,,,,,,,,,,,,,,,,,,,,,,,,
149,,42.86842,,,,,47.98499,,,,,,,,,,,,,,,,,,,,,,,,,,,,,,,,,,,,47.98499,,,,,,,,,,,,,,,,,,,,,,,,,,,,,
150,,,,,,,,,,,,,,,,,,,,,,,,,,,,,,,,,,,,,,,,,,,,,,,,,,,,,,,,,,,,,,,,,,38.466,,,,,,
151,,,,,,,,,,,,,,,,,,,,,,,,,,,,,,,,,,,,,,,,,,,,,,,,,,,,,,,,,,,,,,,,,,,,,,,,
152,,,,,,,,,,,,,,,,,,,,,,,,,,,,,,,,,,,,,,,,,,,,,,,,,,,,,,,,,,,,,,,,,,,,,,,,
153,,,,,,,,,,,,,,,,,,,,,,,,,,,,,,,,,,,,,,,,,,,,,,,,,,,,,,,,,,,,,,,,,,40.673,,,,,,
154,,,,,,,,,,,,,,,,,,,,,,,,,,,,,,,,,,,,,,,,,,,,,,,,,,,,,,,,,,,,,,,,,,,,,,,,
155,,,,,,,,,,,,,,,,,,,,,,,,,,,,,,,,,,,,,,,,,,,,,,,,,,,,,,,,,,,,,,,,,,,,,,,,
156,,,,,,,,,,,,,,,,,,,,,,,,,,,,,,,,,,,,,,,,,,,,,,,,,,,,,,,,,,,,,,,,,,,,,,,,
157,,,,,,,,,,,,,,,,,,,,,,,,,,,,,,,,,,,,,,,,,,,,,,,,,,,,,,,,,,,,,,,,,,,,,,,,
158,,,,,,,,,,,,,,,,,,,,,,,,,,,,,,,,,,,,,,,,,,,,,,,,,,,,,,,,,,,,,,,,,44.529,50.78976,,,,,,
159,,,,,,,,,,,,,,,,,,,,,,,,,,,,,,,,,,,,,,,,,,,,,,,,,,,,,,,,,,,,,,,,,,,,,,,,
160,,,,,,,,,,,,,,,,,,,,,,,,,48.607,,,,,,,,,,,,,,,,,,,,,,,,,,,,,,,,,,,,,,,,,,,,,,,
161,,,,,,,,,,,,,,,,,,,,,,,,,,,,,,,,,,,,,,,,,,,,,,,,,,,,,,,,,,,,,,,,,,,,,,,,
162,,,,,,,,,,,,,,,,,,,,,,,,,,,,,,,,,,,,,,,,,,,,,,,,,,,,,,,,,,,,,,,,,,,,,,,,
163,,,,,,,,,,,,,,,,,,,,,,,,,,,,,,,,,,,,,,,,,,,,,,,,,,,,,,,,,,,,,,,,,,,,,,,,
164,,,,,,,,,,,,,,,,,,,,,,,,,,,,,,,,,,,,,,,,,,,,,,,,,,,,,,,,,,,,,,,,,,,,,,,,
165,,,,,,,,,,,,,,,,,,,,,,,,,,,,,,,,,,,,,,,,,,,,,,,,,,,,,,,,,,,,,,,,,,66.60908,,,,,,
166,,,,,,,,,,,,,,,,,,,,,,,,,,,,,,,,,,,,,,,,,,,,,,,,,,,,,,,58.58591,,,,,,,,,,,,,,,,,
167,,,,,,,,,,,,,,,,,,,,,,,,,,,,,,,,,,,,,,,,,,,,,,,,,,,,,,,,,,,,,,,,,,,,,,,,
168,,,,,,,,,,,,,,,,,,,,,,,,,,,,,,,,,,,,,,,,,,,,,,,,,,,,,,,,,,,,,,,,,,,,,,,,
169,,,,,,,,,,,,,,,,,,,,,,,,,,,,,,,,,,,,,,,,,,,,,,,,,,,,,,,,,,,,,,,,,,,,,,,,
170,,,,,,,,,,,,,,,,,,,,,,,,,,,,,,,,62.76095,,,,,,,,,,,,,,,,,,,,,,,,,,,,,,,,,,72.8498,,,,,,
171,,,,,,,,,,,,,,,,,,,,,,,,,,,,,,,,,,,,,,,,,,,,,,,,,,,,,,,,,,,,,,,,,,,,,,,,
172,,,,,,,,,,,,,,,,,,,,,,,,,,,,,,,,,,,,,,,,,,,,,,,,,,,,,,,,,,,,,,,,,,,,,,,,
173,,,,,,,,,,,,,,,,,,,,,,,,,,,,,,,,,,,,,,,,,,,,,,,,,,,,,,,,,,,,,,,,,,,,,,,,
174,,,,,,,,,,,,,,,,,,,,,,,,,,,,,,,,,,,,,,,,,,,,,,,,,,,,,,,,,,,,,,,,,,,,,,,,
175,,,,,,,,,,,,,,,,,,,,,,,,,,,,,,,,,,,,,,,,,,,,,,,,,,,,,,,,,,,,,,,,,,,,,,,,
176,,,,,,,,,,,,,,,,,,,,,,,,,,,,,,,,,,,,,,,,,,,,,,,,,,,,,,,,,,,,,,,,,,,,,,,,
177,,,,,,,,,,,,,,,,,,,,,,,,,,,,,,,,,,,,,,,,,,,,,,,,,,,,,,,,,,,,,,,,,,,,,,,,
178,,,,,,,,,,,,,,,,,,,,,,,,,,,,,,,,,,,,,,,,,,,,,,,,,,,,,,,,,,,,,,,,,,,,,,,,
179,,,,,,,,,,,,,,,,,,,,,,,,,,,,,,,,,,,,,,,,,,,,,,,,,,,,,,,,,,,,,,,,,,85.04341,,,,,,
180,,,,,,,,,,,,,,,,,,,,,,,,,,,,,,,,,,,,,,,,,,,,,,,,,,,,,,,,,,,,,,,,,,,,,,,,
181,,,,,,,,,,,,,,,,,,,,,,,,,,,,,,,,,,,,,,,,,,,,,,,,,,,,,,,,,,,,,,,,,,87.926,,,,,,
182,,,,,,,,,,,,,,,,,,,,,,,,,,,,,,,,,,,,,,,,,,,,,,,,,,,,,,,,,,,,,,,,,,,,,,,,
183,,,,,,,,,,,,,,,,,,,,,,,,,,,,,,,,,,,,,,,,,,,,,,,,,,,,,,,,,,,,,,,,,,,,,,,,
184,,,,,,,,,,,,,,,,,,,,,,,,,,,,,,,,,,,,,,,,,,,,,,,,,,,,,,,,,,,,,,,,,,,,,,,,
185,,,,,,,,,,,,,,,,,,,,,,,,,,,,,,,,,,,,,,,,,,,,,,,,,,,,,,,,,,,,,,,,,,,,,,,,
186,,,,,,,,,,,,,,,,,,,,,,,,,,,,,,,,,,,,,,,,,,,,,,,,,,,,,,,,,,,,,,,,,,,,,,,,
187,,,,,,,,,,,,,,,,,,,,,,,,,,,,,,,,,,,,,,,,,,,,,,,,,,,,,,,,,,,,,,,,,,,,,,,,
188,,,,,,,,,,,,,,,,,,,,,,,,,,,,,,,,,,,,,,,,,,,,,,,,,,,,,,,,,,,,,,,,,,,,,,,,
189,,,,,,,,,,,,,,,,,,,,,,,,,,,,,,,,,,,,,,,,,,,,,,,,,,,,,,,,,,,,,,,,,,,,,,,,
190,,,,,,,,,,,,,,,,,,,,,,,,,,,,,,,86.56517,,,,,,,,,,,,,,,,,,,,,,,,,,,,,,,,,,,,,,,,,
191,,,,,,,,,,,,,,,,,,,,,,,,,,,,,,,,,,,,,,,,,,,,,,,,,,,,,,,,,,,,,,,,,,,,,,,,
192,,,,,,,,,,,,,,,,,,,,,,,,,,,,,,,,,,,,,,,,,,,,,,,,,,,,,,,,,,,,,,,,,,,,,,,,
193,,,,,,,,,,,,,,,,,,,,,,,,,,,,,,,,,,,,,,,,,,,,,,,,,,,,,,,,,,,,,,,,,,,,,,,,
194,,,,,,,,,,,,,,,,,,,,,,,,,,,,,,,,,,,,,,,,,,,,,,,,,,,,,,,,,,,,,,,,,,,,,,,,
195,,,,,,,,,,,,,,,,,,,,,,,,,,,,,,,,,,,,,,,,,,,,,,,,,,,,,,,,,,,,,,,,,,,,,,,,
196,,,,,,,,,,,,,,,,,,,,,,,,,,,,,,,,,,,,,,,,,,,,,,,,,,,,,,,,,,,,,,,,,,,,,,,,
197,,,,,,,,,,,,,,,,,,,,,,,,,,,,,,,,,,,,,,,,,,,,,,,,,,,,,,,,,,,,,,,,,,,,,,,,
198,,,,,,,,,,,,,,,,,,,,,,,,,,,,,,,,,,,,,,,,,,,,,,,,,,,,,,,,,,,,,,,,,,,,,,,,
199,,,,,,,,,,,,,,,,,,,,,,,,,,,,,,,,,,,,,,,,,,,,,,,,,,,,,,,,,,,,,,,,,,,,,,,,
200,,,,,,,,,,,,,,,,,,,,,,,,,,,,,,,,,,,,,,,,,,,,,,,,,,,,,,,,,,,,,,,,,,,,,,,,
